b_storage1,b_storage2,b_storage3,b_storage4,b_storage5,b_storage6,b_storage7,b_storage8,b_storage9,b_storage10,b_storage11
.085608065,-.17385216,-.42882738,-.69414806,-.96167523,-1.1819096,-1.4616098,-1.9989901,-2.4925408,-2.8948917,-4.1036716
-.30191916,-.56588316,-.83771968,-1.053332,-1.3638004,-1.5563096,-1.8588732,-2.3615639,-2.8295789,-3.3561513,-4.3800511
-.23710699,-.51004195,-.77811736,-1.0119177,-1.2583352,-1.4889449,-1.740878,-2.1970806,-2.7762775,-3.2681994,-4.3107152
.30314451,.065404415,-.22068591,-.47439581,-.69245625,-.97795391,-1.2688932,-1.8054155,-2.2708235,-2.7762163,-3.8843894
.73292744,.48389965,.20553634,-.024823861,-.29627958,-.58555818,-.85304254,-1.292397,-1.8389289,-2.3196287,-3.4303899
.11478169,-.13108984,-.38520786,-.66561544,-.88677287,-1.1437975,-1.4544201,-1.9276272,-2.4186656,-2.9123991,-4.0075474
.080685675,-.16947277,-.44373956,-.69372422,-.9648971,-1.1722652,-1.4486964,-1.9631517,-2.4895742,-3.0441549,-4.0469084
-.60678905,-.85658449,-1.0842113,-1.382709,-1.6702772,-1.8344568,-2.1206782,-2.6866786,-3.2117269,-3.5189133,-4.6678114
.0010658491,-.25956023,-.50159103,-.76349616,-1.0428272,-1.2718253,-1.5493363,-2.0596919,-2.5046971,-3.0366435,-4.1196227
.0073281825,-.25461599,-.51600909,-.78449202,-.99482203,-1.3060527,-1.5029614,-2.0409472,-2.5013385,-3.1437776,-4.0422564
-.16608781,-.41797659,-.6641618,-.92448431,-1.2548603,-1.4428087,-1.6600153,-2.1784785,-2.7468801,-3.1946752,-4.1904993
-.22607502,-.4764286,-.70536727,-.99100697,-1.2245307,-1.47287,-1.7896032,-2.2518857,-2.7632861,-3.2584114,-4.2749944
-.14471109,-.38788304,-.64775401,-.93912584,-1.1539636,-1.4258903,-1.6641037,-2.2559125,-2.6840215,-3.2185194,-4.1389318
.17873646,-.052446574,-.34797937,-.59748304,-.81811845,-1.0651752,-1.3854834,-1.8394262,-2.4407449,-2.7948034,-3.902066
.53618121,.27747142,.035725605,-.23177184,-.48915902,-.79646766,-.9308458,-1.5145682,-2.1255162,-2.4702022,-3.5368237
.49489069,.24154942,-.010333791,-.24879918,-.56884915,-.81847566,-1.0251325,-1.5671194,-2.0443656,-2.6301877,-3.6707375
-.22385922,-.45678109,-.7123521,-.9975841,-1.2776911,-1.5157324,-1.7421981,-2.2787423,-2.7816651,-3.2698781,-4.3015914
.15320605,-.11227794,-.34877703,-.63526219,-.87108505,-1.0812865,-1.3966693,-1.918376,-2.39171,-2.9297898,-3.9793515
.25163156,-.026578559,-.25898409,-.5133931,-.77374476,-1.05625,-1.2824327,-1.7838635,-2.2771876,-2.8151796,-3.7832727
.48766229,.22265653,-.0088909874,-.26714545,-.56911325,-.77256,-1.0362154,-1.5656567,-2.0796926,-2.4686177,-3.6085835
-.25162312,-.50826007,-.74817669,-1.0147059,-1.2501284,-1.5026289,-1.7801487,-2.2934058,-2.7860525,-3.1594601,-4.3721089
.1159346,-.13036834,-.40405184,-.6453656,-.91048616,-1.1757579,-1.4289565,-1.9729211,-2.4176559,-2.9279225,-3.9339666
-.038537204,-.28909928,-.55309212,-.82782668,-1.0516121,-1.360458,-1.5939069,-2.0679407,-2.6302617,-3.1192176,-4.1935215
.11050605,-.12896647,-.41536385,-.63467246,-.94539881,-1.2302936,-1.3714116,-1.9710082,-2.4613073,-2.9591887,-4.0175309
.70514303,.44031173,.18632425,-.060071725,-.31150749,-.54822099,-.74514437,-1.3551103,-1.8505074,-2.3763034,-3.4069395
-.22933562,-.47639596,-.73232841,-.98248458,-1.2518589,-1.4741144,-1.7848082,-2.2901974,-2.7800295,-3.2350264,-4.3318672
.16235371,-.093218863,-.37076107,-.60825366,-.84232384,-1.1320378,-1.3918983,-1.883992,-2.3473749,-2.8604171,-3.8589313
.096342079,-.17228052,-.38302475,-.65205234,-.91412926,-1.1636761,-1.4957665,-1.8755305,-2.4410062,-2.9385455,-4.0168643
-.36665106,-.62329584,-.89436895,-1.1116878,-1.421822,-1.651032,-1.898809,-2.4525135,-2.8482809,-3.3840845,-4.4465919
-.081471361,-.34010953,-.58813661,-.83609188,-1.0941904,-1.3806217,-1.6071874,-2.1253226,-2.6256695,-3.1304579,-4.135458
-.39729336,-.65921944,-.90255404,-1.1668377,-1.4254171,-1.6824168,-1.9170185,-2.4319751,-2.973685,-3.3760345,-4.4670234
.079581589,-.17690489,-.46091583,-.69946516,-.9658345,-1.1863998,-1.4529933,-1.9462789,-2.4676247,-2.9476147,-4.0281968
-.032909404,-.28578493,-.54887998,-.81327742,-1.0373591,-1.2863737,-1.5457987,-2.1245396,-2.5683918,-3.0834095,-4.0980139
-.043718122,-.30569774,-.57994896,-.7920506,-1.1237798,-1.2869059,-1.6146904,-2.1214275,-2.6031091,-3.0759754,-4.1374106
.63519442,.38387978,.11435701,-.12598021,-.4209213,-.66292006,-.92740875,-1.4610484,-1.9732281,-2.4540496,-3.4769304
-.078027226,-.34382677,-.566719,-.8360486,-1.0843188,-1.3941768,-1.6214458,-2.1432905,-2.6413934,-3.0893681,-4.2036252
.5389865,.29695264,.0097185746,-.2025966,-.49201053,-.76367259,-1.0300632,-1.4910651,-2.0585339,-2.5371699,-3.5661268
-.018293785,-.2832607,-.5068447,-.80628568,-1.059926,-1.3020005,-1.5335863,-2.0539582,-2.5632854,-3.0751877,-4.146554
.15262385,-.138111,-.34593511,-.61260098,-.84812617,-1.1301528,-1.3838751,-1.8193396,-2.3924508,-2.8829772,-4.0020518
.80766124,.56015837,.30110833,.016706772,-.25998172,-.48983023,-.72375351,-1.2115773,-1.8000383,-2.2897589,-3.2935171
.35420448,.08517278,-.18267837,-.39716753,-.66724211,-.88424277,-1.1627908,-1.6996335,-2.1787503,-2.687371,-3.6871824
-.21514834,-.48758522,-.74433881,-.95189005,-1.2136168,-1.4634675,-1.7450813,-2.3051708,-2.8355124,-3.2411771,-4.2783723
.2395573,-.0056069191,-.27420402,-.5277552,-.79815334,-1.03035,-1.3095142,-1.7806865,-2.3253663,-2.8474605,-3.8279285
-.41328761,-.66806883,-.9102636,-1.1695875,-1.4410152,-1.6746601,-1.9118555,-2.4622288,-2.9046376,-3.477643,-4.4388051
.034630623,-.22389305,-.48457375,-.74568069,-.94570625,-1.2239721,-1.4751734,-2.0309262,-2.4396057,-3.0465565,-4.0064545
-.51453441,-.76125252,-1.016942,-1.2919387,-1.5634406,-1.7752008,-2.0405633,-2.5884671,-3.0704272,-3.505115,-4.5600605
-.35403198,-.59413463,-.89317995,-1.1475132,-1.3852611,-1.6010579,-1.8723153,-2.4482722,-2.9081476,-3.4218295,-4.4036279
.68302101,.43863589,.1621145,-.11120021,-.3599804,-.61477804,-.84088069,-1.3023449,-1.8688464,-2.364296,-3.4056334
.65799195,.39134946,.14609063,-.16163971,-.35786119,-.61158508,-.89884919,-1.3683819,-1.9462355,-2.4396894,-3.3903904
-.0345392,-.28755778,-.55419475,-.79361194,-1.0601516,-1.3226329,-1.5507805,-2.0945044,-2.5464525,-3.138653,-4.0500002
.14059484,-.10581879,-.37190622,-.65564793,-.8932814,-1.1008881,-1.3497709,-1.8684233,-2.4352865,-2.9658332,-3.8968072
.56872988,.2970055,.052642666,-.15679994,-.41947493,-.76536119,-.94335073,-1.5192586,-1.9886913,-2.504302,-3.5521989
.0014615037,-.25442651,-.49639553,-.80943257,-.99973911,-1.2881411,-1.4811374,-2.0521655,-2.5718651,-2.9933274,-4.0620012
-.2048163,-.453803,-.70253628,-1.056221,-1.2186102,-1.5304664,-1.7245845,-2.218899,-2.6904275,-3.3122075,-4.3569484
-.1483776,-.41285148,-.66473532,-.94054776,-1.1901119,-1.3397144,-1.6330587,-2.155134,-2.7578218,-3.2243006,-4.2362065
.2968908,.044533964,-.21207178,-.48384565,-.69333452,-1.0012301,-1.2758375,-1.7518425,-2.2223656,-2.861841,-3.743031
.25991243,-.0061652716,-.2171092,-.51488781,-.71845251,-1.0471722,-1.2689947,-1.8161056,-2.2888584,-2.8526433,-3.8290148
-.0060720537,-.25856927,-.47556415,-.74886084,-1.0537366,-1.2495943,-1.4911461,-2.0421643,-2.5759513,-3.0180917,-4.1321955
-.0077481028,-.2431684,-.50457662,-.75261277,-1.0031127,-1.2582358,-1.5623608,-2.0592642,-2.553879,-3.150208,-4.0859904
.36012003,.097426832,-.15616885,-.43813607,-.69153935,-.91110545,-1.1583967,-1.7330446,-2.243937,-2.7295394,-3.723964
.50320923,.24815494,-.041917048,-.22378437,-.51887906,-.73124492,-1.0775578,-1.5166456,-2.1977608,-2.6458929,-3.6772504
-.096932709,-.35159054,-.62876523,-.88973445,-1.1431973,-1.3514528,-1.6208591,-2.0797212,-2.6836736,-3.0855601,-4.2173719
-.17910486,-.4488439,-.6576792,-.9215917,-1.1782668,-1.4302444,-1.7268484,-2.227982,-2.6833091,-3.2239678,-4.1400704
.12278994,-.11971657,-.39165175,-.64303386,-.93199354,-1.1194,-1.4207089,-1.923395,-2.4158499,-2.9659023,-3.9784806
.43501693,.1785358,-.10438156,-.33927768,-.60478812,-.81165141,-1.1319605,-1.6026385,-2.063684,-2.613776,-3.5920811
-.12086541,-.37027299,-.6201933,-.87374938,-1.0976011,-1.3664399,-1.700874,-2.1851892,-2.6123064,-3.2609963,-4.1701417
-.49047861,-.73306471,-.9729206,-1.2733251,-1.5042876,-1.7183673,-2.0219824,-2.5412591,-3.0487163,-3.5418146,-4.513124
.11958145,-.13133934,-.38143995,-.63101315,-.89163274,-1.1456131,-1.3856316,-1.9574076,-2.4216557,-2.9282215,-3.9439027
-.066002786,-.34909534,-.56119365,-.80806464,-1.0946715,-1.3380378,-1.5597653,-2.1704509,-2.6988411,-3.1638074,-4.1383095
.038650677,-.22382385,-.48543838,-.72202837,-.95933855,-1.285704,-1.4924339,-1.9986537,-2.4830232,-2.9810796,-4.0618849
.034164999,-.21476829,-.45414934,-.70704776,-.94088018,-1.2477418,-1.479322,-2.0054533,-2.4800506,-3.0604963,-3.9808812
-.55188745,-.79875129,-1.0255945,-1.303561,-1.5571884,-1.7999812,-1.9886712,-2.5193827,-3.1081386,-3.62848,-4.5238848
-.2238382,-.47582248,-.740053,-.99057472,-1.2552161,-1.4893414,-1.7533133,-2.2576544,-2.7682471,-3.2559111,-4.2685771
.117879,-.14604881,-.39702156,-.62022036,-.91803718,-1.1049043,-1.3921055,-1.9740562,-2.3875415,-2.9770777,-3.9830868
-.40735656,-.6691556,-.89269775,-1.1658492,-1.413743,-1.6515378,-1.9558938,-2.3788035,-2.9455848,-3.4867735,-4.5070496
.35949379,.095208131,-.15917392,-.43491808,-.67411059,-.91301519,-1.14091,-1.6747506,-2.1741881,-2.7600055,-3.6748433
-.17833903,-.42439392,-.68020654,-.96314234,-1.1816881,-1.4450365,-1.7178544,-2.1918921,-2.6632869,-3.2212746,-4.25559
-.3301177,-.5585928,-.85245371,-1.1063383,-1.3813877,-1.5894225,-1.8737392,-2.333961,-2.8974326,-3.3962755,-4.3440309
.18821982,-.058950376,-.34535059,-.57806933,-.85656708,-1.0727166,-1.3536762,-1.8888327,-2.3713219,-2.8541806,-3.9642789
-.42968458,-.6772753,-.94543231,-1.1646495,-1.4733118,-1.7054079,-1.9232897,-2.4568956,-2.9710834,-3.4990315,-4.5008035
.55901068,.31884301,.04029474,-.22511856,-.51197493,-.73650175,-1.0184559,-1.5348657,-1.9913387,-2.5057242,-3.5272012
-.059917133,-.30300692,-.58490175,-.81024736,-1.0937506,-1.2866756,-1.6342225,-2.0738158,-2.53055,-3.1350272,-4.1833534
.80174172,.54477423,.29996657,.009818376,-.20181207,-.48495829,-.71415317,-1.2310961,-1.7290184,-2.2833118,-3.3408396
-.19762084,-.45427129,-.74300987,-.95953238,-1.2853123,-1.5164125,-1.8317225,-2.3122716,-2.7314684,-3.2317266,-4.3028321
-.21803346,-.45720702,-.735309,-.93376482,-1.1837718,-1.4750203,-1.7485077,-2.2220998,-2.7376974,-3.2848697,-4.3030787
.11834485,-.14070338,-.38254654,-.61478096,-.90119857,-1.1374954,-1.3641738,-1.9108081,-2.4259906,-2.9140222,-3.957767
-.55725825,-.80248857,-1.0741376,-1.3189118,-1.5523825,-1.8050401,-2.0500529,-2.5831962,-3.0667148,-3.5840182,-4.5562477
-.31551972,-.5595606,-.81939465,-1.0792793,-1.3054104,-1.5812099,-1.8097904,-2.3929174,-2.8780272,-3.3930292,-4.3264313
.21185748,-.022646489,-.30274007,-.5809325,-.82434815,-1.0246007,-1.3246486,-1.8273969,-2.3729498,-2.8061061,-3.8129246
-.056623597,-.30446026,-.56067109,-.79167336,-1.0589812,-1.3601552,-1.6164731,-2.0391648,-2.6311994,-3.1389301,-4.2379384
.38169479,.1089363,-.093212098,-.3675074,-.63511264,-.91622913,-1.1293523,-1.6481014,-2.2521207,-2.6102583,-3.7234297
-.2024803,-.45454949,-.73119426,-1.0037833,-1.1928053,-1.530869,-1.7839109,-2.2160838,-2.6802175,-3.2463858,-4.2143302
-.081222497,-.34545693,-.59072912,-.84977001,-1.1258386,-1.3521594,-1.5651569,-2.1118121,-2.6074839,-3.1049378,-4.1921253
.12867901,-.14038914,-.37631947,-.6458075,-.8727966,-1.1112933,-1.3727115,-1.9763445,-2.4378333,-3.0191371,-3.9611211
-.070209362,-.31532928,-.59141588,-.8398084,-1.0931025,-1.3230458,-1.5690508,-2.1228328,-2.6224732,-3.0514107,-4.0923204
.44563976,.19516903,-.071552582,-.35667989,-.55737126,-.80755311,-1.0663983,-1.5711288,-2.140342,-2.5563068,-3.6408513
.50717223,.26630196,-.044143282,-.2431259,-.51573741,-.7784909,-1.0518626,-1.5608385,-2.0952909,-2.6203959,-3.6596699
.1482069,-.10270883,-.36678153,-.58966041,-.89702529,-1.1301939,-1.4015867,-1.9229292,-2.4094853,-2.8662317,-4.0041914
.082297124,-.18578607,-.42428303,-.67567152,-.93797719,-1.194497,-1.4426291,-1.9765326,-2.4790592,-2.9697435,-3.9224069
.32986534,.078240789,-.19699199,-.40669936,-.72556734,-.95627236,-1.1766633,-1.6933488,-2.2129335,-2.8360922,-3.8192403
-.22675224,-.48521674,-.74625999,-1.0075639,-1.2636975,-1.5200588,-1.7401801,-2.1993041,-2.7922094,-3.2078209,-4.3237157
-.27129057,-.52417761,-.76032746,-1.0635065,-1.2897505,-1.5281346,-1.7852451,-2.3498428,-2.7688806,-3.2756062,-4.399322
.027791603,-.22320656,-.46711206,-.76954931,-.9817276,-1.2872471,-1.4967086,-1.9839944,-2.4733346,-3.0877857,-3.9837708
.31702766,.0328205,-.19653931,-.44307745,-.67647147,-.97907883,-1.1873347,-1.6976675,-2.2658334,-2.7786722,-3.8014424
.48412129,.23475894,-.027192175,-.29731861,-.55780274,-.84887648,-1.0111939,-1.5601029,-2.0605867,-2.6227024,-3.6115153
.18798707,-.0728269,-.30998337,-.59196812,-.81171894,-1.0733974,-1.3345976,-1.80864,-2.3407907,-2.8661392,-3.8046608
.16673289,-.089200854,-.35405925,-.59842223,-.8244819,-1.0888144,-1.3542454,-1.8823127,-2.4601114,-2.9033828,-3.934016
.39974675,.11034448,-.12240515,-.3509624,-.62706459,-.88110566,-1.1356523,-1.6050752,-2.1387904,-2.6999614,-3.7385168
.38204238,.13670653,-.13468534,-.33644369,-.62825495,-.97302496,-1.1275768,-1.657446,-2.1555753,-2.7370167,-3.6458282
-.2726675,-.52266377,-.76852387,-1.0156232,-1.3216298,-1.5683622,-1.7581537,-2.3011115,-2.8166661,-3.3637569,-4.3023257
.36400831,.085239239,-.16925429,-.3880749,-.65341491,-.91926593,-1.1534609,-1.6960814,-2.2103062,-2.6793697,-3.7711375
.17384414,-.095570348,-.33937302,-.59881222,-.8241607,-1.0885376,-1.3447157,-1.8743222,-2.3273232,-2.8837063,-3.9232633
.5848937,.32110634,.081703432,-.176837,-.42701089,-.71095693,-.94427866,-1.4901767,-1.9683205,-2.4587951,-3.50033
-.10699118,-.37710267,-.60412771,-.87326193,-1.1110113,-1.3540442,-1.6125997,-2.1446106,-2.5989642,-3.184504,-4.1990948
.12039505,-.1331514,-.39035186,-.64953917,-.91326547,-1.1260997,-1.4316053,-1.9909383,-2.4007001,-2.9845812,-3.9380367
.13927437,-.12890247,-.39378908,-.63906777,-.87072653,-1.1516789,-1.3924527,-1.880702,-2.4510839,-2.9932742,-3.9815173
.30627373,.034039035,-.20784767,-.48114547,-.77947187,-.97847611,-1.2646602,-1.7417611,-2.2227824,-2.8479297,-3.8766861
-.096394517,-.35533348,-.58750957,-.84343886,-1.0622199,-1.3652369,-1.6072762,-2.1370659,-2.5852268,-3.1913159,-4.1363583
-.015464373,-.2506209,-.51603878,-.79237074,-1.0615264,-1.3159006,-1.5180743,-2.056802,-2.5387332,-3.0749259,-4.1129718
-.064251304,-.33395717,-.60224921,-.84006524,-1.0965165,-1.3598988,-1.570654,-2.1310241,-2.6079252,-3.1146438,-4.1479683
-.047511864,-.27956071,-.54956156,-.8299039,-1.0795817,-1.3603687,-1.5337336,-2.073746,-2.6141133,-3.0785236,-4.069139
-.3984037,-.63991874,-.91395122,-1.1750668,-1.4040718,-1.6886096,-1.8824396,-2.4245789,-2.948041,-3.4635513,-4.4932818
.021870809,-.23757744,-.49526945,-.73745495,-1.0032164,-1.2511169,-1.5355328,-2.0373259,-2.5106561,-3.0454371,-4.0589404
.15682936,-.092574529,-.34275541,-.59665108,-.88364524,-1.0972446,-1.3583233,-1.8096145,-2.3299124,-2.9574399,-3.9623609
.11919851,-.14509653,-.39692163,-.65126479,-.85757226,-1.1139072,-1.4381717,-1.9327918,-2.4352334,-2.9259362,-3.9091504
.17248763,-.078094624,-.33669642,-.59707189,-.88397962,-1.1391567,-1.3814466,-1.8989376,-2.2938819,-2.8677068,-3.8822517
-.047853149,-.3010416,-.55002874,-.8313356,-1.0870034,-1.3190634,-1.5330271,-2.0572,-2.5463455,-3.1155655,-4.0708461
.022482123,-.22000474,-.47980717,-.75366277,-1.0064325,-1.26454,-1.4513786,-1.9844561,-2.4994638,-3.0416281,-4.1249022
.27504742,.0093206288,-.25466734,-.49623817,-.76031327,-1.0170556,-1.2782278,-1.7370454,-2.2589316,-2.710624,-3.8244486
-.5112533,-.78047198,-1.0068544,-1.2519639,-1.5171161,-1.7707655,-1.96751,-2.5753064,-3.0399005,-3.5162551,-4.5631003
-.50776237,-.78280187,-1.0295315,-1.2465979,-1.5217689,-1.7755405,-2.0146103,-2.5207279,-3.0524826,-3.593082,-4.5553465
.5131225,.25664914,.0089335479,-.28083384,-.52433908,-.73073399,-1.0234492,-1.565015,-2.0481844,-2.5833147,-3.5662878
.21301544,-.040902685,-.27833182,-.54401749,-.81844753,-1.029382,-1.3260974,-1.8261873,-2.3612802,-2.8635852,-3.8164287
.37139201,.12367804,-.12221214,-.41399628,-.66494679,-.94636458,-1.1553655,-1.6127131,-2.1872056,-2.7517488,-3.7434056
.66891921,.40973356,.1313476,-.10153763,-.36814547,-.68527377,-.89193588,-1.3557122,-1.8553615,-2.4022701,-3.3900166
.56221783,.32349682,.037728764,-.21290639,-.48958567,-.71384567,-1.0073464,-1.4490192,-2.059087,-2.4687178,-3.5508494
.29878435,.036554653,-.21455856,-.50238395,-.71879888,-.96524191,-1.2307869,-1.7166283,-2.2330596,-2.7459774,-3.785295
.10178186,-.15281452,-.38357115,-.68941104,-.89836824,-1.1708043,-1.3748175,-1.8776892,-2.4656582,-2.8782823,-3.9726038
-.11756276,-.37423128,-.63508141,-.85803217,-1.1248254,-1.352869,-1.5928855,-2.1196446,-2.6116104,-3.1669157,-4.2037902
-.16249791,-.42411616,-.66032541,-.94797432,-1.1800437,-1.4329605,-1.7355664,-2.2240269,-2.7424059,-3.2150395,-4.2763381
.39911455,.1492133,-.12174954,-.3692047,-.63268793,-.87267882,-1.1110396,-1.6620792,-2.1836305,-2.651597,-3.7633667
-.0050708661,-.25507432,-.55884111,-.76774865,-1.0439777,-1.2596174,-1.5201966,-2.0898821,-2.5716081,-3.1140382,-4.0741
.1959855,-.076474018,-.33247557,-.57682484,-.84837568,-1.1125004,-1.3406113,-1.8413689,-2.3788826,-2.8694906,-3.8819971
.17998382,-.090474956,-.3364552,-.59272766,-.82164282,-1.1489749,-1.3572587,-1.8867787,-2.3988888,-2.9173472,-3.9272168
.1914438,-.05113377,-.32400858,-.55760652,-.83602655,-1.0635185,-1.3389996,-1.8537506,-2.3609979,-2.9135029,-3.9386432
.063781038,-.21605219,-.41994944,-.64968538,-.98424548,-1.2095035,-1.4614437,-1.9315948,-2.4583962,-3.0364058,-4.0821033
-.092650644,-.33319253,-.60703295,-.88964832,-1.1255642,-1.3206685,-1.5690706,-2.1419075,-2.6307683,-3.1836636,-4.1842504
-.20469555,-.45076954,-.72230303,-.95552844,-1.218518,-1.4715172,-1.7239908,-2.2519386,-2.7216313,-3.2424324,-4.2271476
.24436319,-.0013620978,-.26969728,-.51894146,-.7560969,-1.0614806,-1.3025409,-1.7960203,-2.3035424,-2.8614252,-3.8177447
.34321547,.089756273,-.16788182,-.44455868,-.69325429,-.96167415,-1.2233702,-1.6745613,-2.2299423,-2.801748,-3.8183408
-.14052975,-.4147746,-.69536561,-.89957374,-1.1524847,-1.3833733,-1.6387403,-2.1451821,-2.6665123,-3.2176702,-4.2270918
.13383363,-.10323286,-.36233151,-.61944658,-.90097463,-1.1674744,-1.3708622,-1.8894172,-2.4095879,-2.9884059,-3.9663227
-.13624977,-.40348664,-.63407654,-.8791604,-1.169727,-1.4060864,-1.6860676,-2.2294908,-2.7092204,-3.1449144,-4.1458535
.083948173,-.1685226,-.4150297,-.67543244,-.9270888,-1.1960855,-1.4393636,-2.0022843,-2.4839234,-2.9809258,-3.9858036
-.04413987,-.29379711,-.58697683,-.82384098,-1.0504608,-1.311507,-1.5663555,-2.0613236,-2.5734856,-3.1157274,-4.0647988
-.16255076,-.4225052,-.65748948,-.8869884,-1.1641605,-1.4061617,-1.6669178,-2.2185824,-2.7036595,-3.132545,-4.280479
.032137763,-.21522878,-.44257811,-.72919136,-1.0023251,-1.2727274,-1.5201454,-2.007395,-2.4832144,-3.0018351,-3.9958601
.30717662,.058138408,-.18847337,-.50677586,-.70345622,-.9520933,-1.224879,-1.6564282,-2.2367079,-2.7702322,-3.790576
-.066746421,-.31406873,-.55743772,-.87123722,-1.1198941,-1.3372906,-1.650426,-2.1278918,-2.5780971,-3.1067488,-4.2265496
.35443923,.075662099,-.17278808,-.46805307,-.69309247,-.91921759,-1.1885041,-1.6511949,-2.1297989,-2.7306249,-3.6409822
.15991132,-.078565769,-.34530798,-.58941233,-.85515517,-1.1287307,-1.3770168,-1.8776927,-2.4372544,-2.9062805,-3.9140399
.45880625,.19713596,-.058232341,-.31309524,-.54920018,-.81406403,-1.0591168,-1.5797974,-2.0185723,-2.6085675,-3.6309748
-.14331412,-.3971597,-.64098531,-.92541498,-1.1062124,-1.4082453,-1.6451597,-2.1145952,-2.666805,-3.2236607,-4.2386546
.61253595,.32461849,.090910658,-.15382911,-.38153353,-.67428952,-.9679783,-1.4188539,-1.9265211,-2.3958647,-3.5581908
-.025513556,-.27550426,-.55471975,-.81169707,-1.0398254,-1.314939,-1.5740991,-2.0882003,-2.5659997,-3.1094747,-4.1296964
.47506168,.21412502,-.069416754,-.28775066,-.57670432,-.75545764,-1.0708678,-1.6170948,-2.0368817,-2.5327415,-3.6862652
.4963834,.26081821,-.016834723,-.24270859,-.52120417,-.79254258,-1.0880045,-1.6000934,-2.0808473,-2.6796405,-3.6422615
.15922792,-.10053687,-.34805164,-.60177189,-.85929185,-1.1290979,-1.3513211,-1.832064,-2.4421744,-2.8731956,-3.8398678
.42452627,.17776997,-.067246959,-.35739088,-.63961232,-.88319254,-1.1228206,-1.612173,-2.1886058,-2.6147215,-3.645653
.29294652,.035622161,-.21490224,-.45800608,-.7489267,-1.0187469,-1.2771184,-1.7877429,-2.1970556,-2.7769849,-3.7600074
.22473052,-.032639235,-.30301458,-.53198123,-.78524959,-1.0855578,-1.3272073,-1.8042406,-2.3313622,-2.8616438,-3.859935
-.22677153,-.49332464,-.71076113,-1.0369442,-1.2270232,-1.5524038,-1.7628901,-2.2774601,-2.7525783,-3.322439,-4.308382
.048688307,-.2015311,-.4945327,-.75197452,-.93671679,-1.2130791,-1.5398841,-1.9753997,-2.4947181,-2.9206471,-4.0785451
.25207439,-.0069929156,-.28137374,-.52018028,-.79859728,-.98109269,-1.2533836,-1.7930076,-2.2920945,-2.8364255,-3.8647516
.48807719,.2172502,-.0052145384,-.30194688,-.52025676,-.78141874,-1.0228828,-1.5863359,-2.0808117,-2.574888,-3.6298993
.39196244,.14835618,-.12882923,-.39133695,-.64500362,-.84675032,-1.1936994,-1.6903819,-2.1722465,-2.6623716,-3.7462168
-.21223129,-.49071249,-.71524179,-.98946005,-1.2231278,-1.4387807,-1.7139999,-2.2181644,-2.7108774,-3.282057,-4.1883302
.065318793,-.18413281,-.45791671,-.69940716,-.9498769,-1.2526563,-1.4577202,-1.8868768,-2.4158854,-2.9705787,-4.015625
.21947947,-.036471374,-.2715179,-.55038017,-.8759653,-1.0431874,-1.304931,-1.7987365,-2.3535154,-2.8709941,-3.8648953
.34762785,.09772826,-.1436639,-.43940562,-.67340523,-.8903119,-1.1887721,-1.7068623,-2.248385,-2.6732459,-3.830662
.011209645,-.25052074,-.52004123,-.75589913,-1.0081499,-1.2633728,-1.5159895,-2.0579076,-2.5092592,-3.0778153,-3.9731009
.37789989,.12628748,-.10760392,-.3876293,-.66340721,-.90656883,-1.2181505,-1.6974044,-2.2177393,-2.7942803,-3.6722441
.22343567,-.029067436,-.28167373,-.56883562,-.81454587,-1.0017513,-1.318777,-1.8101404,-2.2627912,-2.8936946,-3.8573217
.41997364,.16072696,-.082101524,-.34934053,-.58407742,-.85094786,-1.0948128,-1.6197544,-2.1429482,-2.5994024,-3.6124995
-.39365834,-.64229131,-.86969572,-1.1695833,-1.3711066,-1.61641,-1.9297533,-2.4261973,-2.8785155,-3.4763019,-4.4435134
.75877023,.538149,.23743546,-.064595558,-.28304461,-.52551633,-.7673372,-1.3506554,-1.7501192,-2.3881896,-3.3815107
.45548913,.21192664,-.083877556,-.32021481,-.59088063,-.84275049,-1.1633304,-1.641301,-2.1601784,-2.6214585,-3.6830049
.48449868,.23267911,.0051062852,-.27326769,-.55432636,-.80292159,-1.0452265,-1.5420104,-2.0952632,-2.5799603,-3.5942688
-.26845258,-.52132243,-.74808681,-.99226689,-1.2937424,-1.504294,-1.7646242,-2.276444,-2.8101289,-3.3199224,-4.3228827
.86211365,.61069542,.34087437,.072910421,-.20028411,-.44817573,-.64262551,-1.178557,-1.6211904,-2.2648571,-3.214889
.43371457,.19601052,-.096515261,-.32556966,-.56323898,-.90799695,-1.0825459,-1.6367711,-2.1754017,-2.6382487,-3.5257947
.18258938,-.07355959,-.30718112,-.53951842,-.84924763,-1.0381042,-1.3767312,-1.8114721,-2.3442388,-2.8585715,-3.9044142
.27087316,.015714075,-.24497533,-.45954031,-.7464518,-.9825902,-1.2867196,-1.7414165,-2.2997808,-2.7590187,-3.7615507
.08620996,-.17611267,-.40256,-.72996181,-.93355626,-1.228364,-1.4494231,-1.9808301,-2.4868569,-2.9576254,-4.0476918
.073440008,-.17806208,-.46337575,-.68590182,-.90770543,-1.2062848,-1.4736592,-1.9377625,-2.4836528,-3.0145779,-4.0826836
.036521401,-.21555527,-.49011207,-.73907155,-1.00308,-1.2297689,-1.5294938,-2.0064361,-2.5650251,-3.0194013,-4.0366135
.25765216,.0020402691,-.24098426,-.52864736,-.73596418,-1.1050991,-1.2427557,-1.7247738,-2.3703635,-2.852915,-3.7955503
-.27745965,-.53993863,-.79594672,-1.0271295,-1.3302883,-1.5495307,-1.7748573,-2.3265958,-2.7823322,-3.2729321,-4.3019462
.13915466,-.11857759,-.38110274,-.60339034,-.93976092,-1.1362611,-1.3716656,-1.8489544,-2.4237523,-2.8329568,-3.9091229
.02496687,-.22563432,-.46474454,-.76510799,-.95738357,-1.2923049,-1.4815836,-1.9874719,-2.5076897,-3.0271001,-4.1641617
