p_storage1,p_storage2,p_storage3,p_storage4,p_storage5,p_storage6,p_storage7,p_storage8,p_storage9,p_storage10,p_storage11,p_storage12,p_storage13,p_storage14,p_storage15,p_storage16,p_storage17,p_storage18,p_storage19,p_storage20
.21526401,.012301304,.00028299727,0,0,0,0,0,0,0,0,0,0,0,0,0,0,0,0,0
.29914135,.63844419,.05169088,.0010806831,0,0,0,0,0,0,0,0,0,0,0,0,0,0,0,0
.059546381,.0073261303,.00069661957,.000055369175,0,0,0,0,0,0,0,0,0,0,0,0,0,0,0,0
.46863464,.023379333,.00016672714,0,0,0,0,0,0,0,0,0,0,0,0,0,0,0,0,0
.097291492,.0014746013,0,0,0,0,0,0,0,0,0,0,0,0,0,0,0,0,0,0
.92977208,.11718161,.0018684085,.000012968126,0,0,0,0,0,0,0,0,0,0,0,0,0,0,0,0
.61964846,.07580892,.0023907069,.000054051678,0,0,0,0,0,0,0,0,0,0,0,0,0,0,0,0
.05575604,.0050234739,.00028838168,.000012935418,0,0,0,0,0,0,0,0,0,0,0,0,0,0,0,0
.73855889,.29674059,.014877656,.0001185693,0,0,0,0,0,0,0,0,0,0,0,0,0,0,0,0
.055603962,.00041622878,0,0,0,0,0,0,0,0,0,0,0,0,0,0,0,0,0,0
.55684245,.026536133,.00017562897,0,0,0,0,0,0,0,0,0,0,0,0,0,0,0,0,0
.33067819,.007521424,.000040694224,0,0,0,0,0,0,0,0,0,0,0,0,0,0,0,0,0
.50960189,.19035673,.0022167426,0,0,0,0,0,0,0,0,0,0,0,0,0,0,0,0,0
.09177874,.0047042137,.00012280204,0,0,0,0,0,0,0,0,0,0,0,0,0,0,0,0,0
.027762722,.39635649,.48227304,.030807229,.00038374128,0,0,0,0,0,0,0,0,0,0,0,0,0,0,0
.64503735,.10071819,.0066995891,.00017911258,0,0,0,0,0,0,0,0,0,0,0,0,0,0,0,0
.3891542,.036299605,.0011040249,.000015524967,0,0,0,0,0,0,0,0,0,0,0,0,0,0,0,0
.09130051,.90223622,.0424532,.00042012532,0,0,0,0,0,0,0,0,0,0,0,0,0,0,0,0
.017617125,.000014752172,0,0,0,0,0,0,0,0,0,0,0,0,0,0,0,0,0,0
.014460179,.000054764496,0,0,0,0,0,0,0,0,0,0,0,0,0,0,0,0,0,0
.17837846,.0098210024,.00021677473,0,0,0,0,0,0,0,0,0,0,0,0,0,0,0,0,0
.32954818,.030436067,.0010345487,.000025180023,0,0,0,0,0,0,0,0,0,0,0,0,0,0,0,0
.63250238,.1046582,.00071624661,0,0,0,0,0,0,0,0,0,0,0,0,0,0,0,0,0
.33503005,.006764668,.000025254598,0,0,0,0,0,0,0,0,0,0,0,0,0,0,0,0,0
.3360925,.74573207,.11880891,.0042202291,.000064832522,0,0,0,0,0,0,0,0,0,0,0,0,0,0,0
.35639709,.0047789742,0,0,0,0,0,0,0,0,0,0,0,0,0,0,0,0,0,0
.00013458868,.01605553,.43527499,.33714798,.0078436714,.000048417696,0,0,0,0,0,0,0,0,0,0,0,0,0,0
.84933847,.19228363,.0078530079,.000083741339,0,0,0,0,0,0,0,0,0,0,0,0,0,0,0,0
.67842412,.008054113,0,0,0,0,0,0,0,0,0,0,0,0,0,0,0,0,0,0
.8036921,.14452794,.0028580385,.000019476118,0,0,0,0,0,0,0,0,0,0,0,0,0,0,0,0
.52490991,.046558801,.0010407157,.000020934396,0,0,0,0,0,0,0,0,0,0,0,0,0,0,0,0
.16664755,.000086892593,0,0,0,0,0,0,0,0,0,0,0,0,0,0,0,0,0,0
.74277377,.11259518,.0045170831,.000098307661,0,0,0,0,0,0,0,0,0,0,0,0,0,0,0,0
.95649183,.21792556,.013975938,.0002600555,0,0,0,0,0,0,0,0,0,0,0,0,0,0,0,0
.33176678,.64315665,.053537834,.0013547916,.00001372821,0,0,0,0,0,0,0,0,0,0,0,0,0,0,0
.15370457,.88305551,.092162281,.0014026726,.000012268781,0,0,0,0,0,0,0,0,0,0,0,0,0,0,0
.48782581,.034499113,.00074120139,0,0,0,0,0,0,0,0,0,0,0,0,0,0,0,0,0
.40034801,.31841147,.0064165378,.00003608724,0,0,0,0,0,0,0,0,0,0,0,0,0,0,0,0
.24912325,.028277008,.0016930399,.000056173685,0,0,0,0,0,0,0,0,0,0,0,0,0,0,0,0
.53003025,.19546098,.0027851961,0,0,0,0,0,0,0,0,0,0,0,0,0,0,0,0,0
.21171109,.011506237,.00038460019,0,0,0,0,0,0,0,0,0,0,0,0,0,0,0,0,0
.083350584,.87305617,.030573735,.00013270258,0,0,0,0,0,0,0,0,0,0,0,0,0,0,0,0
.69716531,.40880427,.043552108,.001987631,.000052974687,0,0,0,0,0,0,0,0,0,0,0,0,0,0,0
.38274604,.44163728,.012585851,.000075489799,0,0,0,0,0,0,0,0,0,0,0,0,0,0,0,0
.98364741,.16908689,.010166052,.00022370316,0,0,0,0,0,0,0,0,0,0,0,0,0,0,0,0
.65829283,.36811575,.02281075,.00050507451,0,0,0,0,0,0,0,0,0,0,0,0,0,0,0,0
.50380391,.038269497,.00067653996,0,0,0,0,0,0,0,0,0,0,0,0,0,0,0,0,0
.44417369,.72757035,.14290078,.013537847,.00033466108,.000015991272,0,0,0,0,0,0,0,0,0,0,0,0,0,0
.17412296,.0052201138,.000046389196,0,0,0,0,0,0,0,0,0,0,0,0,0,0,0,0,0
.82439405,.34339589,.040024608,.0018475065,.000060234182,0,0,0,0,0,0,0,0,0,0,0,0,0,0,0
.25030556,.87313247,.34688553,.055014502,.0042621004,.00016931692,0,0,0,0,0,0,0,0,0,0,0,0,0,0
.037047565,.00013290167,0,0,0,0,0,0,0,0,0,0,0,0,0,0,0,0,0,0
.9108386,.13433044,.0031540359,.000040382089,0,0,0,0,0,0,0,0,0,0,0,0,0,0,0,0
.89082479,.11552792,.0059525124,.000094047726,0,0,0,0,0,0,0,0,0,0,0,0,0,0,0,0
.75829607,.14583384,.002398798,0,0,0,0,0,0,0,0,0,0,0,0,0,0,0,0,0
.9459312,.16405244,.0078720944,.00017452124,0,0,0,0,0,0,0,0,0,0,0,0,0,0,0,0
.047360878,.00039698172,0,0,0,0,0,0,0,0,0,0,0,0,0,0,0,0,0,0
.53876078,.0088249054,.000022509857,0,0,0,0,0,0,0,0,0,0,0,0,0,0,0,0,0
.96991229,.052131448,.00014411948,0,0,0,0,0,0,0,0,0,0,0,0,0,0,0,0,0
.95173144,.23361228,.026235063,.00090718269,.000026245423,0,0,0,0,0,0,0,0,0,0,0,0,0,0,0
.7093237,.060361221,.0015616737,.000011988832,0,0,0,0,0,0,0,0,0,0,0,0,0,0,0,0
.063178003,.75660253,.17867346,.0033964512,.000020656333,0,0,0,0,0,0,0,0,0,0,0,0,0,0,0
.0032743465,.000023641944,0,0,0,0,0,0,0,0,0,0,0,0,0,0,0,0,0,0
.87067723,.13643296,.0016360901,0,0,0,0,0,0,0,0,0,0,0,0,0,0,0,0,0
.22758569,.0081062391,.00010458274,0,0,0,0,0,0,0,0,0,0,0,0,0,0,0,0,0
.83252794,.29308704,.057680964,.0073521095,.00055352878,.000039464441,0,0,0,0,0,0,0,0,0,0,0,0,0,0
.004972619,.23737158,.61477113,.027278719,.00019668404,0,0,0,0,0,0,0,0,0,0,0,0,0,0,0
.63146365,.36496711,.02729325,.00055721228,0,0,0,0,0,0,0,0,0,0,0,0,0,0,0,0
.070361696,.73739368,.0099963387,0,0,0,0,0,0,0,0,0,0,0,0,0,0,0,0,0
.24830619,.49525166,.013383374,.000047827434,0,0,0,0,0,0,0,0,0,0,0,0,0,0,0,0
.68855309,.067755297,.0012544899,.000010316803,0,0,0,0,0,0,0,0,0,0,0,0,0,0,0,0
.33555597,.022774948,.00044716545,0,0,0,0,0,0,0,0,0,0,0,0,0,0,0,0,0
.0492125,.001944836,.00003691547,0,0,0,0,0,0,0,0,0,0,0,0,0,0,0,0,0
.7260235,.49849308,.087333933,.0088635674,.0003045302,.000013372122,0,0,0,0,0,0,0,0,0,0,0,0,0,0
.62160534,.4257583,.04610296,.001155259,.00001514117,0,0,0,0,0,0,0,0,0,0,0,0,0,0,0
.16913529,.656232,.59330738,.11734388,.019841513,.00080356357,.000034623215,0,0,0,0,0,0,0,0,0,0,0,0,0
.74881107,.5326522,.1098153,.014955658,.00088981877,.000047703852,0,0,0,0,0,0,0,0,0,0,0,0,0,0
.13633141,.0019463571,0,0,0,0,0,0,0,0,0,0,0,0,0,0,0,0,0,0
.2490713,.60913414,.032718726,.00044703551,0,0,0,0,0,0,0,0,0,0,0,0,0,0,0,0
.97215855,.28341007,.028736958,.0013171285,.000043711934,0,0,0,0,0,0,0,0,0,0,0,0,0,0,0
.94404465,.048944857,.00013328242,0,0,0,0,0,0,0,0,0,0,0,0,0,0,0,0,0
.059675705,.00030994171,0,0,0,0,0,0,0,0,0,0,0,0,0,0,0,0,0,0
.52019513,.087996237,.006517747,.00020292262,0,0,0,0,0,0,0,0,0,0,0,0,0,0,0,0
.11421677,.001538117,0,0,0,0,0,0,0,0,0,0,0,0,0,0,0,0,0,0
.17910759,.0074537778,.000081497121,0,0,0,0,0,0,0,0,0,0,0,0,0,0,0,0,0
.77997321,.32560217,.08750774,.015779864,.0018917094,.00018955307,.000012723993,0,0,0,0,0,0,0,0,0,0,0,0,0
.16162381,.011918477,.00029986369,0,0,0,0,0,0,0,0,0,0,0,0,0,0,0,0,0
.0378417,.00081849773,0,0,0,0,0,0,0,0,0,0,0,0,0,0,0,0,0,0
.27359343,.021801211,.00097596768,.000026409103,0,0,0,0,0,0,0,0,0,0,0,0,0,0,0,0
.86097747,.060997929,.00052033918,0,0,0,0,0,0,0,0,0,0,0,0,0,0,0,0,0
.014124745,.17529818,.85806805,.26923102,.030193076,.00074650906,0,0,0,0,0,0,0,0,0,0,0,0,0,0
.1159329,.0021802357,.000015256735,0,0,0,0,0,0,0,0,0,0,0,0,0,0,0,0,0
.62491715,.19651724,.0022073351,0,0,0,0,0,0,0,0,0,0,0,0,0,0,0,0,0
.8228724,.16911425,.0038343747,.000031195174,0,0,0,0,0,0,0,0,0,0,0,0,0,0,0,0
.077739276,.69009185,.30788043,.015989743,.00027809769,0,0,0,0,0,0,0,0,0,0,0,0,0,0,0
.75672537,.1799863,.0037881846,.000015897331,0,0,0,0,0,0,0,0,0,0,0,0,0,0,0,0
.28395951,.014780861,.00018532168,0,0,0,0,0,0,0,0,0,0,0,0,0,0,0,0,0
.2900891,.99595344,.2847901,.029571518,.0017037597,.00004303376,0,0,0,0,0,0,0,0,0,0,0,0,0,0
.4695735,.63846862,.1026682,.0048923143,.00011188782,0,0,0,0,0,0,0,0,0,0,0,0,0,0,0
.54026413,.042433973,.00074201653,0,0,0,0,0,0,0,0,0,0,0,0,0,0,0,0,0
.65023386,.09873949,.00028202735,0,0,0,0,0,0,0,0,0,0,0,0,0,0,0,0,0
.97547901,.084032945,.0014689345,0,0,0,0,0,0,0,0,0,0,0,0,0,0,0,0,0
.17569843,.66286564,.03145295,.00027107747,0,0,0,0,0,0,0,0,0,0,0,0,0,0,0,0
.58317715,.072978549,.0034374627,.00010007846,0,0,0,0,0,0,0,0,0,0,0,0,0,0,0,0
.69068509,.39103705,.035172544,.0011664567,.000018275057,0,0,0,0,0,0,0,0,0,0,0,0,0,0,0
.63053656,.13520829,.012494945,.00073962292,.000031236941,0,0,0,0,0,0,0,0,0,0,0,0,0,0,0
.7373175,.074929483,.00021787529,0,0,0,0,0,0,0,0,0,0,0,0,0,0,0,0,0
.23038255,.0057956651,.000044657874,0,0,0,0,0,0,0,0,0,0,0,0,0,0,0,0,0
.16223006,.67736679,.55969781,.1100625,.012868386,.00050208316,.000015700562,0,0,0,0,0,0,0,0,0,0,0,0,0
.68462753,.25197852,.0086995261,.00016232846,0,0,0,0,0,0,0,0,0,0,0,0,0,0,0,0
.15932706,.014277509,.00036301557,.000012661247,0,0,0,0,0,0,0,0,0,0,0,0,0,0,0,0
.91303343,.13418037,.0055875876,.000058646743,0,0,0,0,0,0,0,0,0,0,0,0,0,0,0,0
.24612664,.010296434,.000090976697,0,0,0,0,0,0,0,0,0,0,0,0,0,0,0,0,0
.35586715,.025101157,.00071987842,0,0,0,0,0,0,0,0,0,0,0,0,0,0,0,0,0
.96809679,.28395981,.034032457,.0022880079,.00004287406,0,0,0,0,0,0,0,0,0,0,0,0,0,0,0
.023250688,.45296374,.4062407,.026379663,.00024260953,0,0,0,0,0,0,0,0,0,0,0,0,0,0,0
.068309702,.00090472453,0,0,0,0,0,0,0,0,0,0,0,0,0,0,0,0,0,0
.72557735,.15801081,.014912108,.00073779031,.000016198832,0,0,0,0,0,0,0,0,0,0,0,0,0,0,0
.015262306,.22987331,.9250198,.1404804,.0064128232,.00017078938,0,0,0,0,0,0,0,0,0,0,0,0,0,0
.77667797,.48346743,.08481618,.0074750008,.00027416265,.000019357096,0,0,0,0,0,0,0,0,0,0,0,0,0,0
.0027326676,.29641244,.26403961,.0021127292,0,0,0,0,0,0,0,0,0,0,0,0,0,0,0,0
.97446537,.12810847,.0032945997,.000013523033,0,0,0,0,0,0,0,0,0,0,0,0,0,0,0,0
.51260471,.44234335,.026561435,.0004484083,0,0,0,0,0,0,0,0,0,0,0,0,0,0,0,0
.077321276,.81529868,.20524807,.0051451284,.000058178593,0,0,0,0,0,0,0,0,0,0,0,0,0,0,0
.83996642,.14369871,.0022909939,.000012850574,0,0,0,0,0,0,0,0,0,0,0,0,0,0,0,0
.8820489,.02615701,.000082547718,0,0,0,0,0,0,0,0,0,0,0,0,0,0,0,0,0
.90385371,.062251672,.0004756627,0,0,0,0,0,0,0,0,0,0,0,0,0,0,0,0,0
.12549031,.0026565932,.000018584249,0,0,0,0,0,0,0,0,0,0,0,0,0,0,0,0,0
.90885526,.088799946,.00077581976,0,0,0,0,0,0,0,0,0,0,0,0,0,0,0,0,0
.72334886,.054873053,.0010637848,0,0,0,0,0,0,0,0,0,0,0,0,0,0,0,0,0
.46251532,.47328326,.031590778,.00055466359,0,0,0,0,0,0,0,0,0,0,0,0,0,0,0,0
.34878355,.41031271,.012426163,.000086548411,0,0,0,0,0,0,0,0,0,0,0,0,0,0,0,0
.39345402,.0046738763,0,0,0,0,0,0,0,0,0,0,0,0,0,0,0,0,0,0
.69971025,.020463785,.000010330604,0,0,0,0,0,0,0,0,0,0,0,0,0,0,0,0,0
.54390144,.23680055,.0047663967,.000018561856,0,0,0,0,0,0,0,0,0,0,0,0,0,0,0,0
.13776456,.0020139366,0,0,0,0,0,0,0,0,0,0,0,0,0,0,0,0,0,0
.068544582,.92599934,.081610627,.0011727872,0,0,0,0,0,0,0,0,0,0,0,0,0,0,0,0
.45959058,.48032659,.029311417,.00027346099,0,0,0,0,0,0,0,0,0,0,0,0,0,0,0,0
.96957242,.22736043,.02354591,.00087008037,.0000111418,0,0,0,0,0,0,0,0,0,0,0,0,0,0,0
.66746718,.024875324,.000091139264,0,0,0,0,0,0,0,0,0,0,0,0,0,0,0,0,0
.57908773,.30171397,.0074379439,.00005403746,0,0,0,0,0,0,0,0,0,0,0,0,0,0,0,0
.24415398,.76817381,.091095679,.0017923955,.000019053628,0,0,0,0,0,0,0,0,0,0,0,0,0,0,0
.21226716,.79525113,.093685336,.0012970982,0,0,0,0,0,0,0,0,0,0,0,0,0,0,0,0
.90953416,.19170365,.0082312785,.00011042669,0,0,0,0,0,0,0,0,0,0,0,0,0,0,0,0
.78895962,.068690561,.00098465569,.000010276074,0,0,0,0,0,0,0,0,0,0,0,0,0,0,0,0
.8941642,.20575008,.0083538983,.00014539884,0,0,0,0,0,0,0,0,0,0,0,0,0,0,0,0
.73235703,.19550727,.0047533549,.000041049276,0,0,0,0,0,0,0,0,0,0,0,0,0,0,0,0
.30473137,.0044834237,0,0,0,0,0,0,0,0,0,0,0,0,0,0,0,0,0,0
.21797667,.00048688884,0,0,0,0,0,0,0,0,0,0,0,0,0,0,0,0,0,0
.9097119,.14592062,.0048269839,.000051483636,0,0,0,0,0,0,0,0,0,0,0,0,0,0,0,0
.0064777718,.00014722651,0,0,0,0,0,0,0,0,0,0,0,0,0,0,0,0,0,0
.71235174,.05043203,.00072654581,0,0,0,0,0,0,0,0,0,0,0,0,0,0,0,0,0
.17107497,.67531544,.59601796,.11439414,.014266919,.00090092054,.000027607421,0,0,0,0,0,0,0,0,0,0,0,0,0
.00071634568,0,0,0,0,0,0,0,0,0,0,0,0,0,0,0,0,0,0,0
.48345536,.54832184,.052435029,.0022662384,.000027201197,0,0,0,0,0,0,0,0,0,0,0,0,0,0,0
.59818608,.25983092,.0076905722,.000062594852,0,0,0,0,0,0,0,0,0,0,0,0,0,0,0,0
.74497342,.692276,.25813556,.064463221,.0097746858,.0011693946,.00008542362,0,0,0,0,0,0,0,0,0,0,0,0,0
.5367626,.039404687,.00073035143,0,0,0,0,0,0,0,0,0,0,0,0,0,0,0,0,0
.72530192,.072131544,.001430052,0,0,0,0,0,0,0,0,0,0,0,0,0,0,0,0,0
.0025789356,.086009979,.79989773,.19963709,.0063722194,.000046730016,0,0,0,0,0,0,0,0,0,0,0,0,0,0
.32151493,.0060780486,.000023016384,0,0,0,0,0,0,0,0,0,0,0,0,0,0,0,0,0
.9270013,.24916182,.018988334,.00050292787,0,0,0,0,0,0,0,0,0,0,0,0,0,0,0,0
.23432221,.0076968791,.000062237894,0,0,0,0,0,0,0,0,0,0,0,0,0,0,0,0,0
.20265147,.9895649,.22138053,.013995155,.00031560476,0,0,0,0,0,0,0,0,0,0,0,0,0,0,0
.10267541,.0057086749,.00025221059,0,0,0,0,0,0,0,0,0,0,0,0,0,0,0,0,0
.039012998,.21517771,.77182901,.54458487,.13387007,.012579796,.001102085,.000039191578,0,0,0,0,0,0,0,0,0,0,0,0
.66369253,.57476246,.13595341,.015442152,.00091856671,.00003785218,0,0,0,0,0,0,0,0,0,0,0,0,0,0
.60377991,.033330131,.00041462894,0,0,0,0,0,0,0,0,0,0,0,0,0,0,0,0,0
.4173097,.0049517564,0,0,0,0,0,0,0,0,0,0,0,0,0,0,0,0,0,0
.17757708,.0029097879,.000013766926,0,0,0,0,0,0,0,0,0,0,0,0,0,0,0,0,0
.45780042,.65415025,.088047899,.0039650565,.000095207542,0,0,0,0,0,0,0,0,0,0,0,0,0,0,0
.76069862,.064501002,.0009908689,0,0,0,0,0,0,0,0,0,0,0,0,0,0,0,0,0
.033125822,.3030878,.92482311,.22396283,.017800195,.0006066864,.000011851585,0,0,0,0,0,0,0,0,0,0,0,0,0
.83146578,.17670578,.013347045,.00033588192,0,0,0,0,0,0,0,0,0,0,0,0,0,0,0,0
.49589482,.27427027,.0054821162,.000022061186,0,0,0,0,0,0,0,0,0,0,0,0,0,0,0,0
.18881251,.64464384,.032173987,.00021861664,0,0,0,0,0,0,0,0,0,0,0,0,0,0,0,0
.60905957,.10718656,.0079829041,.00021173563,0,0,0,0,0,0,0,0,0,0,0,0,0,0,0,0
.021333061,.00015818317,0,0,0,0,0,0,0,0,0,0,0,0,0,0,0,0,0,0
.13064735,.0039702766,.000030375857,0,0,0,0,0,0,0,0,0,0,0,0,0,0,0,0,0
.31788605,.038469438,.002237139,.00007451581,0,0,0,0,0,0,0,0,0,0,0,0,0,0,0,0
.91826087,.26589733,.023102308,.00093103986,.000018111294,0,0,0,0,0,0,0,0,0,0,0,0,0,0,0
.033546805,.64498758,.21201104,.0038010955,.000015288508,0,0,0,0,0,0,0,0,0,0,0,0,0,0,0
.67779011,.30201772,.017545523,.00021275203,0,0,0,0,0,0,0,0,0,0,0,0,0,0,0,0
.38830674,.0012897952,0,0,0,0,0,0,0,0,0,0,0,0,0,0,0,0,0,0
.91520959,.19243303,.0092432257,.00014855363,0,0,0,0,0,0,0,0,0,0,0,0,0,0,0,0
.41111502,.032253452,.00087329891,.000011764112,0,0,0,0,0,0,0,0,0,0,0,0,0,0,0,0
.86965972,.24095106,.015305317,.00021121011,0,0,0,0,0,0,0,0,0,0,0,0,0,0,0,0
.44810891,.56920892,.050735105,.0012850799,0,0,0,0,0,0,0,0,0,0,0,0,0,0,0,0
.17306742,.013622556,.00050292094,.00001339998,0,0,0,0,0,0,0,0,0,0,0,0,0,0,0,0
.24649538,.0097025922,.00013100769,0,0,0,0,0,0,0,0,0,0,0,0,0,0,0,0,0
.38937241,.54854286,.047433086,.00078446453,0,0,0,0,0,0,0,0,0,0,0,0,0,0,0,0
.93581051,.12943992,.0027496633,.000019104646,0,0,0,0,0,0,0,0,0,0,0,0,0,0,0,0
.70899904,.32120705,.024436869,.00047676923,0,0,0,0,0,0,0,0,0,0,0,0,0,0,0,0
.026571814,.16983968,.64164048,.65387827,.1700867,.02258243,.0022732911,.000082864201,0,0,0,0,0,0,0,0,0,0,0,0
.0601089,.0035578429,.000095513053,0,0,0,0,0,0,0,0,0,0,0,0,0,0,0,0,0
.47172093,.069016896,.0055490644,.00022443425,0,0,0,0,0,0,0,0,0,0,0,0,0,0,0,0
.25889337,.0081654182,.000060313723,0,0,0,0,0,0,0,0,0,0,0,0,0,0,0,0,0
.1624973,.71995866,.039437648,.00023953147,0,0,0,0,0,0,0,0,0,0,0,0,0,0,0,0
.53328836,.18776533,.0014543183,0,0,0,0,0,0,0,0,0,0,0,0,0,0,0,0,0
.081382297,.84786022,.1683704,.0031892853,.00002530102,0,0,0,0,0,0,0,0,0,0,0,0,0,0,0
.084774591,.451327,.73039508,.18459061,.021784961,.0011862417,.000039942079,0,0,0,0,0,0,0,0,0,0,0,0,0
.44919586,.79371524,.20682131,.02925591,.0010659124,.000047828024,0,0,0,0,0,0,0,0,0,0,0,0,0,0
.089090139,.90767211,.061219696,.00033376302,0,0,0,0,0,0,0,0,0,0,0,0,0,0,0,0
.10140376,.0097886929,.00057741033,.000018434981,0,0,0,0,0,0,0,0,0,0,0,0,0,0,0,0
.4746964,.0554443,.0018889715,.000026568239,0,0,0,0,0,0,0,0,0,0,0,0,0,0,0,0
.64076298,.34605056,.022338444,.00056792959,0,0,0,0,0,0,0,0,0,0,0,0,0,0,0,0
.02487197,.58274877,.23473494,.006749718,.000012554576,0,0,0,0,0,0,0,0,0,0,0,0,0,0,0
.20233943,.38328764,.0054838452,0,0,0,0,0,0,0,0,0,0,0,0,0,0,0,0,0
.97028625,.14698456,.0093003931,.00013702651,0,0,0,0,0,0,0,0,0,0,0,0,0,0,0,0
.71918273,.08182174,.002367744,.000030447965,0,0,0,0,0,0,0,0,0,0,0,0,0,0,0,0
.029061433,.32414076,.76438034,.099521905,.0039684162,.000063817257,0,0,0,0,0,0,0,0,0,0,0,0,0,0
.80664879,.30882412,.030530725,.00072076899,.000014139737,0,0,0,0,0,0,0,0,0,0,0,0,0,0,0
.88835299,.073073991,.0011273327,0,0,0,0,0,0,0,0,0,0,0,0,0,0,0,0,0
.37600619,.097254097,.0001309037,0,0,0,0,0,0,0,0,0,0,0,0,0,0,0,0,0
.70674735,.069481045,.0016993481,.000018183991,0,0,0,0,0,0,0,0,0,0,0,0,0,0,0,0
.27397701,.013726707,.00017727383,0,0,0,0,0,0,0,0,0,0,0,0,0,0,0,0,0
.27033415,.83539248,.45281118,.08456853,.010067091,.00051125616,.000033868811,0,0,0,0,0,0,0,0,0,0,0,0,0
.83558398,.026459791,.000051360545,0,0,0,0,0,0,0,0,0,0,0,0,0,0,0,0,0
.13744879,.71583718,.023140224,.00012928806,0,0,0,0,0,0,0,0,0,0,0,0,0,0,0,0
.2566525,.67146081,.056814488,.0010006183,.000011102829,0,0,0,0,0,0,0,0,0,0,0,0,0,0,0
.90917182,.018819991,.00003229806,0,0,0,0,0,0,0,0,0,0,0,0,0,0,0,0,0
.36390167,.77355558,.13176732,.0075801387,.00025950721,0,0,0,0,0,0,0,0,0,0,0,0,0,0,0
.09090887,.0020568124,.00001611569,0,0,0,0,0,0,0,0,0,0,0,0,0,0,0,0,0
.022606807,.49165902,.3001512,.0071579632,.000042699041,0,0,0,0,0,0,0,0,0,0,0,0,0,0,0
.28461203,.0046475879,.000014801749,0,0,0,0,0,0,0,0,0,0,0,0,0,0,0,0,0
.70774716,.0056087482,0,0,0,0,0,0,0,0,0,0,0,0,0,0,0,0,0,0
.85830247,.33073303,.028535226,.0011252239,.000011459216,0,0,0,0,0,0,0,0,0,0,0,0,0,0,0
.16059044,.0011305303,0,0,0,0,0,0,0,0,0,0,0,0,0,0,0,0,0,0
.61451733,.40718353,.02931151,.00070346799,0,0,0,0,0,0,0,0,0,0,0,0,0,0,0,0
.87053281,.23755985,.015948925,.00031788298,0,0,0,0,0,0,0,0,0,0,0,0,0,0,0,0
.55935568,.030799327,.00030783337,0,0,0,0,0,0,0,0,0,0,0,0,0,0,0,0,0
.026863318,.000077405486,0,0,0,0,0,0,0,0,0,0,0,0,0,0,0,0,0,0
.45580101,.05739224,.001890516,.000044383618,0,0,0,0,0,0,0,0,0,0,0,0,0,0,0,0
.76247036,.071108967,.0011933901,.000014287497,0,0,0,0,0,0,0,0,0,0,0,0,0,0,0,0
.80578047,.26409164,.049628552,.0072122682,.00046331939,.000026096874,0,0,0,0,0,0,0,0,0,0,0,0,0,0
.0044440581,.15104304,.987441,.13181838,.0021026349,.000015846434,0,0,0,0,0,0,0,0,0,0,0,0,0,0
.16060327,.85098112,.055805147,.00090760057,0,0,0,0,0,0,0,0,0,0,0,0,0,0,0,0
.42706642,.38790324,.014950577,.00010841319,0,0,0,0,0,0,0,0,0,0,0,0,0,0,0,0
.65271294,.071422458,.0015724413,.000023701454,0,0,0,0,0,0,0,0,0,0,0,0,0,0,0,0
.15717873,.0088721989,.00026839034,0,0,0,0,0,0,0,0,0,0,0,0,0,0,0,0,0
.54559642,.42572579,.023608208,.00041751907,0,0,0,0,0,0,0,0,0,0,0,0,0,0,0,0
.6420247,.0022062801,0,0,0,0,0,0,0,0,0,0,0,0,0,0,0,0,0,0
.81490535,.046156567,.00029413149,0,0,0,0,0,0,0,0,0,0,0,0,0,0,0,0,0
.0051473216,0,0,0,0,0,0,0,0,0,0,0,0,0,0,0,0,0,0,0
.80379963,.33046699,.02796239,.0011691176,.000026268095,0,0,0,0,0,0,0,0,0,0,0,0,0,0,0
.35848808,.021053201,.00047617094,0,0,0,0,0,0,0,0,0,0,0,0,0,0,0,0,0
.99477345,.072200149,.00086349208,0,0,0,0,0,0,0,0,0,0,0,0,0,0,0,0,0
.89815038,.25523198,.019700276,.00040070579,0,0,0,0,0,0,0,0,0,0,0,0,0,0,0,0
.35681316,.9782486,.3931517,.078799315,.0084581254,.00079823664,.000023068776,0,0,0,0,0,0,0,0,0,0,0,0,0
.25027132,.0058503612,.000013281524,0,0,0,0,0,0,0,0,0,0,0,0,0,0,0,0,0
.87591714,.4409183,.075030833,.0089224419,.00053311203,.000030452056,0,0,0,0,0,0,0,0,0,0,0,0,0,0
.44036433,.043952603,.0014619641,.000021034053,0,0,0,0,0,0,0,0,0,0,0,0,0,0,0,0
.66237086,.033925269,.0001152572,0,0,0,0,0,0,0,0,0,0,0,0,0,0,0,0,0
.39492822,.019114446,.00028818194,0,0,0,0,0,0,0,0,0,0,0,0,0,0,0,0,0
.97474509,.1958988,.012031134,.0003344389,0,0,0,0,0,0,0,0,0,0,0,0,0,0,0,0
.34652734,.0043372028,0,0,0,0,0,0,0,0,0,0,0,0,0,0,0,0,0,0
.79120171,.040515017,.00026988238,0,0,0,0,0,0,0,0,0,0,0,0,0,0,0,0,0
.84609926,.26259276,.046123765,.0045818659,.00018936266,0,0,0,0,0,0,0,0,0,0,0,0,0,0,0
.069828339,.5986343,.40361854,.042353895,.00085277349,0,0,0,0,0,0,0,0,0,0,0,0,0,0,0
.01094593,.14890538,.86978567,.28772026,.018531429,.00058729987,0,0,0,0,0,0,0,0,0,0,0,0,0,0
.62040001,.31091759,.015324526,.00015981638,0,0,0,0,0,0,0,0,0,0,0,0,0,0,0,0
.0043855309,.000069756235,0,0,0,0,0,0,0,0,0,0,0,0,0,0,0,0,0,0
.95942158,.13744332,.0040980182,.0000261807,0,0,0,0,0,0,0,0,0,0,0,0,0,0,0,0
.051374044,.00096720381,.000010928177,0,0,0,0,0,0,0,0,0,0,0,0,0,0,0,0,0
.093350545,.3082917,.75390059,.71289611,.2343988,.073267162,.012217643,.001067947,.0001239579,0,0,0,0,0,0,0,0,0,0,0
.41370371,.029117877,.00084635377,.000011802136,0,0,0,0,0,0,0,0,0,0,0,0,0,0,0,0
.45883092,.48851094,.03804398,.0010218598,0,0,0,0,0,0,0,0,0,0,0,0,0,0,0,0
.018699277,.00011625172,0,0,0,0,0,0,0,0,0,0,0,0,0,0,0,0,0,0
.059396416,.57904291,.40531451,.02958915,.00064532843,0,0,0,0,0,0,0,0,0,0,0,0,0,0,0
.087257177,.28792709,.69609326,.7594009,.33242249,.081813708,.017314961,.0022506102,.00034685686,.000025780017,0,0,0,0,0,0,0,0,0,0
.16232203,.52762896,.016725484,.000037133395,0,0,0,0,0,0,0,0,0,0,0,0,0,0,0,0
.19826747,.83749974,.10059864,.0024773753,.000023756169,0,0,0,0,0,0,0,0,0,0,0,0,0,0,0
.41224816,.057978995,.0034310827,.00010097768,0,0,0,0,0,0,0,0,0,0,0,0,0,0,0,0
.32387555,.066823125,.008127749,.00059610134,.000036343408,0,0,0,0,0,0,0,0,0,0,0,0,0,0,0
.2706984,.66095459,.050566088,.00052341254,0,0,0,0,0,0,0,0,0,0,0,0,0,0,0,0
.0075032581,.000074497199,0,0,0,0,0,0,0,0,0,0,0,0,0,0,0,0,0,0
.6100409,.049383909,.00070222013,0,0,0,0,0,0,0,0,0,0,0,0,0,0,0,0,0
.53140563,.79951376,.25987959,.038059067,.0036865894,.00025503445,.000012903476,0,0,0,0,0,0,0,0,0,0,0,0,0
.00047017803,0,0,0,0,0,0,0,0,0,0,0,0,0,0,0,0,0,0,0
.88577425,.15170212,.0060832486,.00022245022,0,0,0,0,0,0,0,0,0,0,0,0,0,0,0,0
.093751952,.83500391,.23477998,.0092224078,.00011435871,0,0,0,0,0,0,0,0,0,0,0,0,0,0,0
.23008439,.0047126119,.000020331765,0,0,0,0,0,0,0,0,0,0,0,0,0,0,0,0,0
.45705181,.020542687,.00026528383,0,0,0,0,0,0,0,0,0,0,0,0,0,0,0,0,0
.89000946,.039899796,.000043698034,0,0,0,0,0,0,0,0,0,0,0,0,0,0,0,0,0
.044847179,.99667782,.030813053,.000075752949,0,0,0,0,0,0,0,0,0,0,0,0,0,0,0,0
.68453431,.30802593,.016329808,.00016246455,0,0,0,0,0,0,0,0,0,0,0,0,0,0,0,0
.00018622521,0,0,0,0,0,0,0,0,0,0,0,0,0,0,0,0,0,0,0
.36826897,.021777475,.00042257877,0,0,0,0,0,0,0,0,0,0,0,0,0,0,0,0,0
.30997753,.0047025541,.000012734661,0,0,0,0,0,0,0,0,0,0,0,0,0,0,0,0,0
.37961614,.0071115997,0,0,0,0,0,0,0,0,0,0,0,0,0,0,0,0,0,0
.12953764,.0080106622,.00015779545,0,0,0,0,0,0,0,0,0,0,0,0,0,0,0,0,0
.041501898,.0011621449,.000016914444,0,0,0,0,0,0,0,0,0,0,0,0,0,0,0,0,0
.41481474,.012606441,.000065330933,0,0,0,0,0,0,0,0,0,0,0,0,0,0,0,0,0
.0041107992,0,0,0,0,0,0,0,0,0,0,0,0,0,0,0,0,0,0,0
.66863507,.059984092,.0014626095,0,0,0,0,0,0,0,0,0,0,0,0,0,0,0,0,0
.40470141,.021516623,.00030854737,0,0,0,0,0,0,0,0,0,0,0,0,0,0,0,0,0
.87760085,.082961187,.0022507322,.000011755341,0,0,0,0,0,0,0,0,0,0,0,0,0,0,0,0
.074804217,.0054648374,.00022196877,0,0,0,0,0,0,0,0,0,0,0,0,0,0,0,0,0
.04509886,.0025956419,.00010146885,0,0,0,0,0,0,0,0,0,0,0,0,0,0,0,0,0
.028425364,.0008396004,.000010620825,0,0,0,0,0,0,0,0,0,0,0,0,0,0,0,0,0
.29223442,.032929052,.0015679655,.000062334431,0,0,0,0,0,0,0,0,0,0,0,0,0,0,0,0
.62069356,.37555185,.023130011,.00051850785,0,0,0,0,0,0,0,0,0,0,0,0,0,0,0,0
.0029042005,.27164274,.42687199,.0055541783,0,0,0,0,0,0,0,0,0,0,0,0,0,0,0,0
.79765743,.16775571,.013093506,.00046749623,.000011462907,0,0,0,0,0,0,0,0,0,0,0,0,0,0,0
.46925351,.024321707,.00025635434,0,0,0,0,0,0,0,0,0,0,0,0,0,0,0,0,0
.65366226,.10947652,.0062570726,.00015138973,0,0,0,0,0,0,0,0,0,0,0,0,0,0,0,0
.55545634,.41779754,.032722246,.00065320224,.000013388688,0,0,0,0,0,0,0,0,0,0,0,0,0,0,0
.56451994,.22365808,.002235637,.000011760751,0,0,0,0,0,0,0,0,0,0,0,0,0,0,0,0
.47846684,.0056425296,0,0,0,0,0,0,0,0,0,0,0,0,0,0,0,0,0,0
.0036748413,.000022327093,0,0,0,0,0,0,0,0,0,0,0,0,0,0,0,0,0,0
.26272401,.57516068,.042484935,.00048230239,0,0,0,0,0,0,0,0,0,0,0,0,0,0,0,0
.72954834,.1245889,.0012537258,0,0,0,0,0,0,0,0,0,0,0,0,0,0,0,0,0
.48059541,.018431287,.00006139795,0,0,0,0,0,0,0,0,0,0,0,0,0,0,0,0,0
.2262703,.8977958,.12584558,.0054091052,.00010985971,0,0,0,0,0,0,0,0,0,0,0,0,0,0,0
.53451437,.044220421,.0012603916,.000011642713,0,0,0,0,0,0,0,0,0,0,0,0,0,0,0,0
.062730797,.00010494472,0,0,0,0,0,0,0,0,0,0,0,0,0,0,0,0,0,0
.91800481,.29183054,.026849585,.0010785854,.000024004847,0,0,0,0,0,0,0,0,0,0,0,0,0,0,0
.80081767,.12128865,.0054484028,.000091111076,0,0,0,0,0,0,0,0,0,0,0,0,0,0,0,0
.99827248,.08528503,.0014713987,0,0,0,0,0,0,0,0,0,0,0,0,0,0,0,0,0
.43613935,.0078847753,.000032854907,0,0,0,0,0,0,0,0,0,0,0,0,0,0,0,0,0
.3806279,.397468,.011358847,.000072239091,0,0,0,0,0,0,0,0,0,0,0,0,0,0,0,0
.92571002,.05973658,.00032147474,0,0,0,0,0,0,0,0,0,0,0,0,0,0,0,0,0
.19727866,.0012141677,0,0,0,0,0,0,0,0,0,0,0,0,0,0,0,0,0,0
.9622758,.018285776,.000023839246,0,0,0,0,0,0,0,0,0,0,0,0,0,0,0,0,0
.4683401,.33834609,.0079659671,.000031530235,0,0,0,0,0,0,0,0,0,0,0,0,0,0,0,0
.16066658,.85014629,.080501415,.00094161922,0,0,0,0,0,0,0,0,0,0,0,0,0,0,0,0
.93027157,.14684969,.0065779546,.0001282382,0,0,0,0,0,0,0,0,0,0,0,0,0,0,0,0
.29755414,.012949484,.00018904536,0,0,0,0,0,0,0,0,0,0,0,0,0,0,0,0,0
.14624934,.0083682137,.0001848151,0,0,0,0,0,0,0,0,0,0,0,0,0,0,0,0,0
.80489856,.1450277,.0027301188,.000011202595,0,0,0,0,0,0,0,0,0,0,0,0,0,0,0,0
.10891545,.96249193,.085102119,.0010875608,0,0,0,0,0,0,0,0,0,0,0,0,0,0,0,0
.86336428,.063443944,.00022717752,0,0,0,0,0,0,0,0,0,0,0,0,0,0,0,0,0
.91740286,.071563013,.00030163184,0,0,0,0,0,0,0,0,0,0,0,0,0,0,0,0,0
.95958412,.061969403,.00043096437,0,0,0,0,0,0,0,0,0,0,0,0,0,0,0,0,0
.059181914,.63621706,.39588326,.017214723,.00035470363,0,0,0,0,0,0,0,0,0,0,0,0,0,0,0
.33700955,.0094915042,.000072634073,0,0,0,0,0,0,0,0,0,0,0,0,0,0,0,0,0
.44060907,.031271748,.00046730705,0,0,0,0,0,0,0,0,0,0,0,0,0,0,0,0,0
.57091326,.49723104,.072714254,.0040235585,.000061977968,0,0,0,0,0,0,0,0,0,0,0,0,0,0,0
.71193302,.066308431,.0012551071,.000010621952,0,0,0,0,0,0,0,0,0,0,0,0,0,0,0,0
.32762772,.032348603,.0015120538,.000048891834,0,0,0,0,0,0,0,0,0,0,0,0,0,0,0,0
.40878972,.11345375,.017137909,.0017396527,.00014440784,0,0,0,0,0,0,0,0,0,0,0,0,0,0,0
.16359875,.45369348,.90250117,.53911197,.21228971,.046966903,.0078898454,.0012571615,.000090799796,0,0,0,0,0,0,0,0,0,0,0
.4342097,.026599217,.00039234318,0,0,0,0,0,0,0,0,0,0,0,0,0,0,0,0,0
.17262666,.00887114,.00022941497,0,0,0,0,0,0,0,0,0,0,0,0,0,0,0,0,0
.40890983,.62588429,.089489438,.003093597,.000041915097,0,0,0,0,0,0,0,0,0,0,0,0,0,0,0
.45636901,.043689106,.0018425091,.000029389079,0,0,0,0,0,0,0,0,0,0,0,0,0,0,0,0
.44465882,.7920987,.22096762,.02541483,.0018616891,.000075106975,0,0,0,0,0,0,0,0,0,0,0,0,0,0
.3443163,.01662951,.0004754668,0,0,0,0,0,0,0,0,0,0,0,0,0,0,0,0,0
.48329616,.032591932,.00079300336,.000011187009,0,0,0,0,0,0,0,0,0,0,0,0,0,0,0,0
.40661275,.74520725,.13344282,.0081513701,.00028028467,0,0,0,0,0,0,0,0,0,0,0,0,0,0,0
.56976449,.13707401,.0013286244,0,0,0,0,0,0,0,0,0,0,0,0,0,0,0,0,0
.67558074,.077017106,.0020911917,.000033892367,0,0,0,0,0,0,0,0,0,0,0,0,0,0,0,0
.025410296,.00011643119,0,0,0,0,0,0,0,0,0,0,0,0,0,0,0,0,0,0
.1501728,.80327451,.32171842,.032187831,.0010099282,.000021862787,0,0,0,0,0,0,0,0,0,0,0,0,0,0
.23109902,.013482634,.0002068905,0,0,0,0,0,0,0,0,0,0,0,0,0,0,0,0,0
.85751712,.25379562,.021400562,.00032025768,0,0,0,0,0,0,0,0,0,0,0,0,0,0,0,0
.48371571,.6608122,.11312485,.0057425951,.00017666414,0,0,0,0,0,0,0,0,0,0,0,0,0,0,0
.96661741,.11317643,.002037996,.000011609986,0,0,0,0,0,0,0,0,0,0,0,0,0,0,0,0
.1285494,.70133722,.032246973,.00010787006,0,0,0,0,0,0,0,0,0,0,0,0,0,0,0,0
.049302556,.00041043441,0,0,0,0,0,0,0,0,0,0,0,0,0,0,0,0,0,0
.42289641,.013774942,.000067619236,0,0,0,0,0,0,0,0,0,0,0,0,0,0,0,0,0
.85828036,.1256312,.002555514,0,0,0,0,0,0,0,0,0,0,0,0,0,0,0,0,0
.4930743,.15242076,.030408202,.004576779,.00044597502,.000036779937,0,0,0,0,0,0,0,0,0,0,0,0,0,0
.18966976,.98814297,.18815814,.0094464961,.00016405055,0,0,0,0,0,0,0,0,0,0,0,0,0,0,0
.020447554,.28483456,.69233155,.090907723,.0026820228,.000024542536,0,0,0,0,0,0,0,0,0,0,0,0,0,0
.70790064,.094815381,.00041001552,0,0,0,0,0,0,0,0,0,0,0,0,0,0,0,0,0
.087561399,.28131005,.67705685,.8208105,.33744547,.10584098,.021082483,.0030635907,.00038428541,.000042955391,0,0,0,0,0,0,0,0,0,0
.058747675,.47032577,.61599618,.076948911,.0040250788,.000070615279,0,0,0,0,0,0,0,0,0,0,0,0,0,0
.04446416,.00075460644,0,0,0,0,0,0,0,0,0,0,0,0,0,0,0,0,0,0
.12218905,.0050843237,.000092581722,0,0,0,0,0,0,0,0,0,0,0,0,0,0,0,0,0
.7075302,.059255533,.0010415696,0,0,0,0,0,0,0,0,0,0,0,0,0,0,0,0,0
.64537364,.54300374,.088149242,.0077179167,.00031434436,0,0,0,0,0,0,0,0,0,0,0,0,0,0,0
.70197493,.39301059,.03709019,.0011444597,.000022134383,0,0,0,0,0,0,0,0,0,0,0,0,0,0,0
.69120532,.054581851,.0013103826,0,0,0,0,0,0,0,0,0,0,0,0,0,0,0,0,0
.90359831,.11065064,.0034597595,.000040124985,0,0,0,0,0,0,0,0,0,0,0,0,0,0,0,0
.86852223,.2058963,.0083159562,.0002168622,0,0,0,0,0,0,0,0,0,0,0,0,0,0,0,0
.074685134,.7142216,.0081020901,.000013948284,0,0,0,0,0,0,0,0,0,0,0,0,0,0,0,0
.55795747,.63365304,.13007024,.012511186,.0006474994,.000023505356,0,0,0,0,0,0,0,0,0,0,0,0,0,0
.49312755,.02530911,.00030605032,0,0,0,0,0,0,0,0,0,0,0,0,0,0,0,0,0
.6415813,.45522818,.055593792,.0023786086,.000034254492,0,0,0,0,0,0,0,0,0,0,0,0,0,0,0
.099935919,.38223448,.90358818,.50137693,.14011055,.022604022,.0025259524,.00024837517,.00001155313,0,0,0,0,0,0,0,0,0,0,0
.0087018134,.000028152775,0,0,0,0,0,0,0,0,0,0,0,0,0,0,0,0,0,0
.72795248,.059032749,.0012217154,.000010524419,0,0,0,0,0,0,0,0,0,0,0,0,0,0,0,0
.85815376,.15740877,.009001961,.00025837275,0,0,0,0,0,0,0,0,0,0,0,0,0,0,0,0
.62873369,.039547913,.00049963617,0,0,0,0,0,0,0,0,0,0,0,0,0,0,0,0,0
.35773808,.96830732,.30452597,.052703422,.0044609858,.00021846681,0,0,0,0,0,0,0,0,0,0,0,0,0,0
.9911086,.14108466,.0038189287,.000036546739,0,0,0,0,0,0,0,0,0,0,0,0,0,0,0,0
.51344007,.51630718,.052408352,.001401477,.000032148309,0,0,0,0,0,0,0,0,0,0,0,0,0,0,0
.0047201193,.27803233,.42118847,.0070760367,.000032965192,0,0,0,0,0,0,0,0,0,0,0,0,0,0,0
.18794367,.0039039711,.0000244318,0,0,0,0,0,0,0,0,0,0,0,0,0,0,0,0,0
.72041249,.045084514,.00027081929,0,0,0,0,0,0,0,0,0,0,0,0,0,0,0,0,0
.74733621,.096646063,.0032684437,.000040287596,0,0,0,0,0,0,0,0,0,0,0,0,0,0,0,0
.60428625,.082500421,.0034060711,.00011057479,0,0,0,0,0,0,0,0,0,0,0,0,0,0,0,0
.11895061,.0014374611,0,0,0,0,0,0,0,0,0,0,0,0,0,0,0,0,0,0
.0012052347,0,0,0,0,0,0,0,0,0,0,0,0,0,0,0,0,0,0,0
.61096698,.45817471,.050042555,.0023679344,.000030736839,0,0,0,0,0,0,0,0,0,0,0,0,0,0,0
.44422662,.62063801,.083827183,.0025459905,.000055411558,0,0,0,0,0,0,0,0,0,0,0,0,0,0,0
.447891,.37255558,.012718936,.00008867649,0,0,0,0,0,0,0,0,0,0,0,0,0,0,0,0
.65074593,.51433295,.084362872,.0059134224,.00018013443,0,0,0,0,0,0,0,0,0,0,0,0,0,0,0
.016111428,.000084096391,0,0,0,0,0,0,0,0,0,0,0,0,0,0,0,0,0,0
.63479841,.15657628,.0016965573,0,0,0,0,0,0,0,0,0,0,0,0,0,0,0,0,0
.79080236,.30242431,.017653601,.00038543268,0,0,0,0,0,0,0,0,0,0,0,0,0,0,0,0
.88140297,.045822442,.00012218631,0,0,0,0,0,0,0,0,0,0,0,0,0,0,0,0,0
.41519812,.38209698,.013046809,.00010913222,0,0,0,0,0,0,0,0,0,0,0,0,0,0,0,0
.79172426,.29792792,.018548599,.00038357597,0,0,0,0,0,0,0,0,0,0,0,0,0,0,0,0
.67401463,.35939723,.025667833,.00055796816,0,0,0,0,0,0,0,0,0,0,0,0,0,0,0,0
.29835093,.049015462,.004361988,.00043147834,.00001208948,0,0,0,0,0,0,0,0,0,0,0,0,0,0,0
.05512435,.00073110685,0,0,0,0,0,0,0,0,0,0,0,0,0,0,0,0,0,0
.15981729,.83772016,.30910635,.029857697,.00068312365,.000012268005,0,0,0,0,0,0,0,0,0,0,0,0,0,0
.66659373,.24566571,.0072144084,.000064390726,0,0,0,0,0,0,0,0,0,0,0,0,0,0,0,0
.26545578,.95818317,.33702534,.049434435,.0028622786,.00011557133,0,0,0,0,0,0,0,0,0,0,0,0,0,0
.0054561775,.27230984,.4327859,.0071927584,.000018006331,0,0,0,0,0,0,0,0,0,0,0,0,0,0,0
.15291816,.46156242,.0051530637,0,0,0,0,0,0,0,0,0,0,0,0,0,0,0,0,0
.31940091,.84375244,.15224013,.010978322,.00024885745,0,0,0,0,0,0,0,0,0,0,0,0,0,0,0
.68265748,.062358625,.0015547199,0,0,0,0,0,0,0,0,0,0,0,0,0,0,0,0,0
.02969569,.00075580413,0,0,0,0,0,0,0,0,0,0,0,0,0,0,0,0,0,0
.83285338,.25463903,.016903419,.00027660461,0,0,0,0,0,0,0,0,0,0,0,0,0,0,0,0
.019001875,.75043356,.09427505,.00033432155,0,0,0,0,0,0,0,0,0,0,0,0,0,0,0,0
.12912494,.84813613,.22675119,.010055064,.00015281433,0,0,0,0,0,0,0,0,0,0,0,0,0,0,0
.43959269,.026605591,.00042982667,0,0,0,0,0,0,0,0,0,0,0,0,0,0,0,0,0
.070288971,.78648883,.19316036,.0044678878,.000034587603,0,0,0,0,0,0,0,0,0,0,0,0,0,0,0
.15825066,.0025780983,0,0,0,0,0,0,0,0,0,0,0,0,0,0,0,0,0,0
.26053497,.67941737,.067966923,.0010732092,0,0,0,0,0,0,0,0,0,0,0,0,0,0,0,0
.65675271,.095413998,.0041839848,.000074958574,0,0,0,0,0,0,0,0,0,0,0,0,0,0,0,0
.46290049,.55326259,.049286745,.0015170147,.000019664576,0,0,0,0,0,0,0,0,0,0,0,0,0,0,0
.77783716,.043991346,.00032432543,0,0,0,0,0,0,0,0,0,0,0,0,0,0,0,0,0
.29903606,.69451457,.82967591,.39139569,.13098438,.030361794,.0053189648,.00072118547,.000084989209,0,0,0,0,0,0,0,0,0,0,0
.042755593,.00099083176,.000010393902,0,0,0,0,0,0,0,0,0,0,0,0,0,0,0,0,0
.57392788,.26033092,.0072609633,.000044295175,0,0,0,0,0,0,0,0,0,0,0,0,0,0,0,0
.39104247,.0063842954,.000016292426,0,0,0,0,0,0,0,0,0,0,0,0,0,0,0,0,0
.76964444,.039900407,.00022977448,0,0,0,0,0,0,0,0,0,0,0,0,0,0,0,0,0
.58486831,.056374505,.0014641086,.000022094817,0,0,0,0,0,0,0,0,0,0,0,0,0,0,0,0
.0035373552,.000019730927,0,0,0,0,0,0,0,0,0,0,0,0,0,0,0,0,0,0
.03900196,.000065711778,0,0,0,0,0,0,0,0,0,0,0,0,0,0,0,0,0,0
.26934367,.016910827,.0005698211,.000010179107,0,0,0,0,0,0,0,0,0,0,0,0,0,0,0,0
.78181869,.16483748,.010892957,.00038733034,.000010162303,0,0,0,0,0,0,0,0,0,0,0,0,0,0,0
.94928813,.04869283,.000062136845,0,0,0,0,0,0,0,0,0,0,0,0,0,0,0,0,0
.43542716,.0031372705,0,0,0,0,0,0,0,0,0,0,0,0,0,0,0,0,0,0
.65236408,.22819556,.0055364668,.000020203366,0,0,0,0,0,0,0,0,0,0,0,0,0,0,0,0
.54896617,.029007819,.00025096023,0,0,0,0,0,0,0,0,0,0,0,0,0,0,0,0,0
.98392838,.17837502,.0089031458,.00017453734,0,0,0,0,0,0,0,0,0,0,0,0,0,0,0,0
.29069853,.0023899579,0,0,0,0,0,0,0,0,0,0,0,0,0,0,0,0,0,0
.69059771,.1619719,.016087515,.00072057481,.000043511067,0,0,0,0,0,0,0,0,0,0,0,0,0,0,0
.09738411,.0019974778,.000021103233,0,0,0,0,0,0,0,0,0,0,0,0,0,0,0,0,0
.54704583,.70486408,.18403295,.022071615,.0013084469,.000073324292,0,0,0,0,0,0,0,0,0,0,0,0,0,0
.069049887,.55858546,.52128524,.045924593,.0017364427,.000021029608,0,0,0,0,0,0,0,0,0,0,0,0,0,0
.45383686,.34258714,.0084488336,.000036004702,0,0,0,0,0,0,0,0,0,0,0,0,0,0,0,0
.32792866,.043117046,.0029288526,.000093285256,0,0,0,0,0,0,0,0,0,0,0,0,0,0,0,0
.25974044,.006942892,.000051018069,0,0,0,0,0,0,0,0,0,0,0,0,0,0,0,0,0
.00098904129,.000013812902,0,0,0,0,0,0,0,0,0,0,0,0,0,0,0,0,0,0
.22014417,.005545239,.000061681189,0,0,0,0,0,0,0,0,0,0,0,0,0,0,0,0,0
.78010625,.37144473,.047179952,.001895921,.000028537614,0,0,0,0,0,0,0,0,0,0,0,0,0,0,0
.54576731,.67616755,.14196031,.013006592,.00065250904,.000020468007,0,0,0,0,0,0,0,0,0,0,0,0,0,0
.64147162,.12200549,.00058728748,0,0,0,0,0,0,0,0,0,0,0,0,0,0,0,0,0
.43664822,.016332962,.00015519599,0,0,0,0,0,0,0,0,0,0,0,0,0,0,0,0,0
.95668608,.11254377,.0022879515,.00002000711,0,0,0,0,0,0,0,0,0,0,0,0,0,0,0,0
.81891692,.088390872,.0025290307,.000013332464,0,0,0,0,0,0,0,0,0,0,0,0,0,0,0,0
.1778793,.012625203,.00029936738,0,0,0,0,0,0,0,0,0,0,0,0,0,0,0,0,0
.00041278376,0,0,0,0,0,0,0,0,0,0,0,0,0,0,0,0,0,0,0
.26343977,.91650027,.1661672,.0089360736,.00029157437,0,0,0,0,0,0,0,0,0,0,0,0,0,0,0
.18714264,.004503727,.000021680031,0,0,0,0,0,0,0,0,0,0,0,0,0,0,0,0,0
.95093179,.061385795,.00046511696,0,0,0,0,0,0,0,0,0,0,0,0,0,0,0,0,0
.099476203,.0033350713,.000060602692,0,0,0,0,0,0,0,0,0,0,0,0,0,0,0,0,0
.092831448,.72283322,.017326549,.000049881437,0,0,0,0,0,0,0,0,0,0,0,0,0,0,0,0
.70831716,.189355,.0025152708,.000012395373,0,0,0,0,0,0,0,0,0,0,0,0,0,0,0,0
.80631459,.42541841,.064869359,.0035705245,.00014227821,0,0,0,0,0,0,0,0,0,0,0,0,0,0,0
.0096830521,.000017722574,0,0,0,0,0,0,0,0,0,0,0,0,0,0,0,0,0,0
.48957092,.51299644,.053401932,.0012234616,.00001613844,0,0,0,0,0,0,0,0,0,0,0,0,0,0,0
.85727173,.14062743,.0058882278,.00016046131,0,0,0,0,0,0,0,0,0,0,0,0,0,0,0,0
.28738743,.75287998,.092523612,.0030417466,.00004517339,0,0,0,0,0,0,0,0,0,0,0,0,0,0,0
.78882444,.17076461,.0030765224,.000014646979,0,0,0,0,0,0,0,0,0,0,0,0,0,0,0,0
.46921286,.019222202,.00015348545,0,0,0,0,0,0,0,0,0,0,0,0,0,0,0,0,0
.92789418,.050092846,.00030940966,0,0,0,0,0,0,0,0,0,0,0,0,0,0,0,0,0
.68733686,.21392182,.0058233952,.000032459346,0,0,0,0,0,0,0,0,0,0,0,0,0,0,0,0
.48447651,.50368202,.053240266,.0013802085,.000023963659,0,0,0,0,0,0,0,0,0,0,0,0,0,0,0
.044665925,.5145309,.45282602,.042756774,.00087951351,.000013214671,0,0,0,0,0,0,0,0,0,0,0,0,0,0
.90485936,.31377602,.041128136,.00199577,.000083077925,0,0,0,0,0,0,0,0,0,0,0,0,0,0,0
.22398768,.96946049,.21008921,.014015393,.00023690512,0,0,0,0,0,0,0,0,0,0,0,0,0,0,0
.68765748,.12999555,.0090768989,.00045622062,0,0,0,0,0,0,0,0,0,0,0,0,0,0,0,0
.6316433,.060690571,.0023021873,.000034611527,0,0,0,0,0,0,0,0,0,0,0,0,0,0,0,0
.46483165,.64317083,.069302008,.0027543597,.000043954769,0,0,0,0,0,0,0,0,0,0,0,0,0,0,0
.60704017,.10893121,.0085757831,.00038082406,.000012397631,0,0,0,0,0,0,0,0,0,0,0,0,0,0,0
.36389402,.54396647,.040130544,.00056187925,0,0,0,0,0,0,0,0,0,0,0,0,0,0,0,0
.82534277,.11280081,.0041347584,.000060092236,0,0,0,0,0,0,0,0,0,0,0,0,0,0,0,0
.13718666,.012275263,.00043564726,.000015802454,0,0,0,0,0,0,0,0,0,0,0,0,0,0,0,0
.047539301,.35643375,.93105948,.25098461,.027296331,.0016017362,.000037272628,0,0,0,0,0,0,0,0,0,0,0,0,0
.2942602,.0029361511,0,0,0,0,0,0,0,0,0,0,0,0,0,0,0,0,0,0
.9440465,.30802208,.030794768,.0013710482,.000076932803,0,0,0,0,0,0,0,0,0,0,0,0,0,0,0
.21045646,.74756038,.48535708,.09127064,.0093473457,.00040682618,.00002297382,0,0,0,0,0,0,0,0,0,0,0,0,0
.99367213,.29532319,.036808096,.002068473,.000042230837,0,0,0,0,0,0,0,0,0,0,0,0,0,0,0
.28487629,.0094969645,.000099039557,0,0,0,0,0,0,0,0,0,0,0,0,0,0,0,0,0
.48020679,.041297331,.0010647037,.000012640307,0,0,0,0,0,0,0,0,0,0,0,0,0,0,0,0
.83754253,.08647152,.0019547443,.000014786972,0,0,0,0,0,0,0,0,0,0,0,0,0,0,0,0
.86073077,.19444263,.0077711572,.000079527643,0,0,0,0,0,0,0,0,0,0,0,0,0,0,0,0
.12855706,.74604475,.040177204,.00026936646,0,0,0,0,0,0,0,0,0,0,0,0,0,0,0,0
.1758464,.010859148,.00031759858,0,0,0,0,0,0,0,0,0,0,0,0,0,0,0,0,0
.53255731,.059298374,.0017904553,.000021476098,0,0,0,0,0,0,0,0,0,0,0,0,0,0,0,0
.36066025,.0075826244,.000020763127,0,0,0,0,0,0,0,0,0,0,0,0,0,0,0,0,0
.57346058,.52953154,.062688477,.0029106229,.000089391186,0,0,0,0,0,0,0,0,0,0,0,0,0,0,0
.75994939,.11315209,.00070302206,0,0,0,0,0,0,0,0,0,0,0,0,0,0,0,0,0
.28015152,.015671149,.00030415665,0,0,0,0,0,0,0,0,0,0,0,0,0,0,0,0,0
.93714446,.2720452,.020801827,.00073634245,.000025350908,0,0,0,0,0,0,0,0,0,0,0,0,0,0,0
.44257617,.027222987,.00036627715,0,0,0,0,0,0,0,0,0,0,0,0,0,0,0,0,0
.65367401,.054415025,.001053765,.000011197294,0,0,0,0,0,0,0,0,0,0,0,0,0,0,0,0
.37471953,.62783873,.06009895,.0019888536,.000018082836,0,0,0,0,0,0,0,0,0,0,0,0,0,0,0
.12667853,.0075074802,.0001796373,0,0,0,0,0,0,0,0,0,0,0,0,0,0,0,0,0
.50257421,.14064375,.00043241851,0,0,0,0,0,0,0,0,0,0,0,0,0,0,0,0,0
.012990694,.20420484,.8207981,.1126513,.0034605144,.00004956195,0,0,0,0,0,0,0,0,0,0,0,0,0,0
.019807728,.000038700797,0,0,0,0,0,0,0,0,0,0,0,0,0,0,0,0,0,0
.054080021,.0010215002,0,0,0,0,0,0,0,0,0,0,0,0,0,0,0,0,0,0
.13857418,.88889807,.22043557,.008863749,.00011584323,0,0,0,0,0,0,0,0,0,0,0,0,0,0,0
.36468291,.82092804,.1651118,.012149828,.00051648129,.000010285756,0,0,0,0,0,0,0,0,0,0,0,0,0,0
.47045508,.020362334,.00017526635,0,0,0,0,0,0,0,0,0,0,0,0,0,0,0,0,0
.022905953,.000055761786,0,0,0,0,0,0,0,0,0,0,0,0,0,0,0,0,0,0
.71854913,.14947282,.012933291,.00064480782,.000022251281,0,0,0,0,0,0,0,0,0,0,0,0,0,0,0
.4002704,.050792199,.002124066,.000064385393,0,0,0,0,0,0,0,0,0,0,0,0,0,0,0,0
.22040437,.0066121663,.000043773998,0,0,0,0,0,0,0,0,0,0,0,0,0,0,0,0,0
.97270387,.06962461,.00040313517,0,0,0,0,0,0,0,0,0,0,0,0,0,0,0,0,0
.082403451,.00045297944,0,0,0,0,0,0,0,0,0,0,0,0,0,0,0,0,0,0
.031898618,.00031949245,0,0,0,0,0,0,0,0,0,0,0,0,0,0,0,0,0,0
.28239164,.80945492,.11305389,.003078636,.0000633663,0,0,0,0,0,0,0,0,0,0,0,0,0,0,0
.88048869,.088411629,.0014119504,0,0,0,0,0,0,0,0,0,0,0,0,0,0,0,0,0
.68624347,.13108814,.013307251,.00066622655,.000023371056,0,0,0,0,0,0,0,0,0,0,0,0,0,0,0
.56413883,.3409543,.018131599,.00014995989,0,0,0,0,0,0,0,0,0,0,0,0,0,0,0,0
.15808912,.0046860278,.000038999126,0,0,0,0,0,0,0,0,0,0,0,0,0,0,0,0,0
.034684904,.00033336805,0,0,0,0,0,0,0,0,0,0,0,0,0,0,0,0,0,0
.17413165,.0034484128,.000020853013,0,0,0,0,0,0,0,0,0,0,0,0,0,0,0,0,0
.54516065,.13105607,.00063416467,0,0,0,0,0,0,0,0,0,0,0,0,0,0,0,0,0
.70273298,.058558054,.00073689775,0,0,0,0,0,0,0,0,0,0,0,0,0,0,0,0,0
.42689714,.015901757,.00016035093,0,0,0,0,0,0,0,0,0,0,0,0,0,0,0,0,0
.60270172,.22449221,.0045725452,.000034056964,0,0,0,0,0,0,0,0,0,0,0,0,0,0,0,0
.55371881,.060940795,.0020445217,.000053817072,0,0,0,0,0,0,0,0,0,0,0,0,0,0,0,0
.96276581,.039952818,.00014980727,0,0,0,0,0,0,0,0,0,0,0,0,0,0,0,0,0
.76053518,.087667391,.0020898951,.00003334607,0,0,0,0,0,0,0,0,0,0,0,0,0,0,0,0
.28985327,.88145077,.38449669,.07284347,.0084246146,.00047707005,.000018283097,0,0,0,0,0,0,0,0,0,0,0,0,0
.44031954,.25984755,.0033434571,.000015122677,0,0,0,0,0,0,0,0,0,0,0,0,0,0,0,0
.28394899,.0023836661,0,0,0,0,0,0,0,0,0,0,0,0,0,0,0,0,0,0
.25242788,.010804101,.00012600416,0,0,0,0,0,0,0,0,0,0,0,0,0,0,0,0,0
.042802989,.00038518928,0,0,0,0,0,0,0,0,0,0,0,0,0,0,0,0,0,0
.20202059,.41777188,.74212372,.87497181,.51390409,.25844595,.091065548,.027859749,.0076292004,.0017859015,.00029596448,.000051189134,0,0,0,0,0,0,0,0
.0017422776,.000010015278,0,0,0,0,0,0,0,0,0,0,0,0,0,0,0,0,0,0
.24704036,.049025141,.0065688947,.00051436713,.000033550059,0,0,0,0,0,0,0,0,0,0,0,0,0,0,0
.24628834,.86153615,.098360822,.0037051339,.000044332322,0,0,0,0,0,0,0,0,0,0,0,0,0,0,0
.46654496,.64349455,.093413547,.0043711984,.00011346798,0,0,0,0,0,0,0,0,0,0,0,0,0,0,0
.38772249,.65829301,.083045982,.0027728942,.000043858974,0,0,0,0,0,0,0,0,0,0,0,0,0,0,0
.083801597,.0042734114,.00010855799,0,0,0,0,0,0,0,0,0,0,0,0,0,0,0,0,0
.37366638,.012553548,.00010226495,0,0,0,0,0,0,0,0,0,0,0,0,0,0,0,0,0
.79428589,.29571068,.026142867,.00064391369,.000011609144,0,0,0,0,0,0,0,0,0,0,0,0,0,0,0
.43324471,.041536916,.0012148165,.00001128224,0,0,0,0,0,0,0,0,0,0,0,0,0,0,0,0
.42543295,.53757054,.048642799,.0013308682,.000013439995,0,0,0,0,0,0,0,0,0,0,0,0,0,0,0
.23523121,.54527342,.014234768,.000062990264,0,0,0,0,0,0,0,0,0,0,0,0,0,0,0,0
.66449541,.20531587,.0045202873,.000026459438,0,0,0,0,0,0,0,0,0,0,0,0,0,0,0,0
.69573087,.0070209,0,0,0,0,0,0,0,0,0,0,0,0,0,0,0,0,0,0
.86773294,.058193579,.00061766431,0,0,0,0,0,0,0,0,0,0,0,0,0,0,0,0,0
.6186533,.45723641,.050894856,.0019604049,.000050496052,0,0,0,0,0,0,0,0,0,0,0,0,0,0,0
.14803614,.98780668,.16707447,.0047683055,.000054658649,0,0,0,0,0,0,0,0,0,0,0,0,0,0,0
.017840309,.00022575191,0,0,0,0,0,0,0,0,0,0,0,0,0,0,0,0,0,0
.8801747,.23457216,.013808119,.0002220904,0,0,0,0,0,0,0,0,0,0,0,0,0,0,0,0
.31418881,.028758917,.00082598999,.000019072226,0,0,0,0,0,0,0,0,0,0,0,0,0,0,0,0
.00041228751,0,0,0,0,0,0,0,0,0,0,0,0,0,0,0,0,0,0,0
.62749988,.1767661,.0019902922,0,0,0,0,0,0,0,0,0,0,0,0,0,0,0,0,0
.26609138,.98474634,.2251057,.022435892,.00058164197,.000012435655,0,0,0,0,0,0,0,0,0,0,0,0,0,0
.34390956,.0054513682,.000017077597,0,0,0,0,0,0,0,0,0,0,0,0,0,0,0,0,0
.5365696,.14711989,.00054446398,0,0,0,0,0,0,0,0,0,0,0,0,0,0,0,0,0
.51439434,.19654755,.0017053889,0,0,0,0,0,0,0,0,0,0,0,0,0,0,0,0,0
.84183574,.13435559,.0017715173,.000012316972,0,0,0,0,0,0,0,0,0,0,0,0,0,0,0,0
.0035748254,.000030611565,0,0,0,0,0,0,0,0,0,0,0,0,0,0,0,0,0,0
.47859874,.24938384,.0040722713,0,0,0,0,0,0,0,0,0,0,0,0,0,0,0,0,0
.12414918,.88536501,.056326721,.00081261474,0,0,0,0,0,0,0,0,0,0,0,0,0,0,0,0
.78840774,.063756891,.00068388582,0,0,0,0,0,0,0,0,0,0,0,0,0,0,0,0,0
.048443776,.28594908,.89531875,.38759005,.070254929,.0078851189,.00027412639,0,0,0,0,0,0,0,0,0,0,0,0,0
.78178442,.15268648,.014813568,.00046250306,.000013522659,0,0,0,0,0,0,0,0,0,0,0,0,0,0,0
.59287143,.20707776,.048141647,.0088214641,.00074145285,.000065307686,0,0,0,0,0,0,0,0,0,0,0,0,0,0
.867118,.25064239,.013383143,.00028425129,0,0,0,0,0,0,0,0,0,0,0,0,0,0,0,0
.50321192,.057073284,.0029493161,.000074587362,0,0,0,0,0,0,0,0,0,0,0,0,0,0,0,0
.46919289,.39158434,.013045061,.00014989392,0,0,0,0,0,0,0,0,0,0,0,0,0,0,0,0
.47904155,.014860541,.000052643296,0,0,0,0,0,0,0,0,0,0,0,0,0,0,0,0,0
.18363009,.002346592,0,0,0,0,0,0,0,0,0,0,0,0,0,0,0,0,0,0
.71195859,.37251025,.033890478,.00096616067,.00002566962,0,0,0,0,0,0,0,0,0,0,0,0,0,0,0
.070077404,.0019081719,.000022973185,0,0,0,0,0,0,0,0,0,0,0,0,0,0,0,0,0
.025495192,.0018967452,.00011019647,0,0,0,0,0,0,0,0,0,0,0,0,0,0,0,0,0
.64806551,.039112937,.00044414666,0,0,0,0,0,0,0,0,0,0,0,0,0,0,0,0,0
.072507508,.0011688207,0,0,0,0,0,0,0,0,0,0,0,0,0,0,0,0,0,0
.082775533,.0013977194,0,0,0,0,0,0,0,0,0,0,0,0,0,0,0,0,0,0
.66748875,.082058549,.00023235416,0,0,0,0,0,0,0,0,0,0,0,0,0,0,0,0,0
.77028883,.065453835,.0013687977,0,0,0,0,0,0,0,0,0,0,0,0,0,0,0,0,0
.084923908,.91657996,.14930375,.0031276161,.000025923713,0,0,0,0,0,0,0,0,0,0,0,0,0,0,0
.61166936,.018160656,.00010416703,0,0,0,0,0,0,0,0,0,0,0,0,0,0,0,0,0
.42156875,.68359667,.12404949,.0069738212,.00014266948,0,0,0,0,0,0,0,0,0,0,0,0,0,0,0
.41586927,.0093284426,.000032591237,0,0,0,0,0,0,0,0,0,0,0,0,0,0,0,0,0
.026342427,.4597052,.41165221,.014985844,.0002391236,0,0,0,0,0,0,0,0,0,0,0,0,0,0,0
.36013061,.21962456,.0019716772,0,0,0,0,0,0,0,0,0,0,0,0,0,0,0,0,0
.73504227,.089484036,.0030758397,.000038461294,0,0,0,0,0,0,0,0,0,0,0,0,0,0,0,0
.56056863,.11676333,.0080417069,.00030529118,.000014813084,0,0,0,0,0,0,0,0,0,0,0,0,0,0,0
.39938924,.43300617,.016053053,.0002336997,0,0,0,0,0,0,0,0,0,0,0,0,0,0,0,0
.37210354,.010134601,.000055456188,0,0,0,0,0,0,0,0,0,0,0,0,0,0,0,0,0
.074158244,.5878762,.0058878828,0,0,0,0,0,0,0,0,0,0,0,0,0,0,0,0,0
.34059179,.0050600511,0,0,0,0,0,0,0,0,0,0,0,0,0,0,0,0,0,0
.2238902,.0064844131,.000036050573,0,0,0,0,0,0,0,0,0,0,0,0,0,0,0,0,0
.76083356,.023274152,.000075921213,0,0,0,0,0,0,0,0,0,0,0,0,0,0,0,0,0
.046617266,.24450916,.77282643,.54158658,.13131775,.015037035,.0011262109,.000058535592,0,0,0,0,0,0,0,0,0,0,0,0
.018490437,.00010699727,0,0,0,0,0,0,0,0,0,0,0,0,0,0,0,0,0,0
.06799157,.62448668,.37471139,.02878744,.00046741692,0,0,0,0,0,0,0,0,0,0,0,0,0,0,0
.84208977,.44516131,.091046266,.0099241873,.00047734982,.000020534237,0,0,0,0,0,0,0,0,0,0,0,0,0,0
.39468035,.0066707046,.000018641016,0,0,0,0,0,0,0,0,0,0,0,0,0,0,0,0,0
.79961741,.16290976,.0094367741,.00030216234,0,0,0,0,0,0,0,0,0,0,0,0,0,0,0,0
.10727987,.47040322,.84727371,.29820395,.05109971,.004723256,.0003018447,.000011980092,0,0,0,0,0,0,0,0,0,0,0,0
.050379954,.20330225,.55985671,.85770535,.38435271,.093071833,.016269909,.0025236725,.00022740393,.000017263765,0,0,0,0,0,0,0,0,0,0
.56436604,.042604335,.00085000688,.000010393532,0,0,0,0,0,0,0,0,0,0,0,0,0,0,0,0
.99980545,.091606282,.0013016817,0,0,0,0,0,0,0,0,0,0,0,0,0,0,0,0,0
.15251389,.0057077454,.000057265399,0,0,0,0,0,0,0,0,0,0,0,0,0,0,0,0,0
.78525263,.17173749,.013240357,.00052815088,.000012466161,0,0,0,0,0,0,0,0,0,0,0,0,0,0,0
.15440308,.00067761989,0,0,0,0,0,0,0,0,0,0,0,0,0,0,0,0,0,0
.20382249,.014681178,.00040141921,0,0,0,0,0,0,0,0,0,0,0,0,0,0,0,0,0
.18184945,.44123894,.0051308181,.000012298936,0,0,0,0,0,0,0,0,0,0,0,0,0,0,0,0
.97141671,.16933516,.0050658984,.000087428947,0,0,0,0,0,0,0,0,0,0,0,0,0,0,0,0
.42990133,.056257673,.0019901881,.000054152115,0,0,0,0,0,0,0,0,0,0,0,0,0,0,0,0
.35981873,.56911016,.039790094,.0005331625,0,0,0,0,0,0,0,0,0,0,0,0,0,0,0,0
.53404349,.49800339,.060954805,.0022711018,.00004400891,0,0,0,0,0,0,0,0,0,0,0,0,0,0,0
.77369183,.13714646,.01138726,.00029426598,0,0,0,0,0,0,0,0,0,0,0,0,0,0,0,0
.43480021,.34955081,.0080210958,.000061193925,0,0,0,0,0,0,0,0,0,0,0,0,0,0,0,0
.0010611922,0,0,0,0,0,0,0,0,0,0,0,0,0,0,0,0,0,0,0
.38343847,.043810546,.0028345773,.000093023365,0,0,0,0,0,0,0,0,0,0,0,0,0,0,0,0
.2319954,.20739797,.00072758656,0,0,0,0,0,0,0,0,0,0,0,0,0,0,0,0,0
.56232905,.15512146,.024707902,.0028176729,.0001706429,0,0,0,0,0,0,0,0,0,0,0,0,0,0,0
.88137686,.17411138,.0065185176,.00011045123,0,0,0,0,0,0,0,0,0,0,0,0,0,0,0,0
.12801886,.0031599896,.00004026225,0,0,0,0,0,0,0,0,0,0,0,0,0,0,0,0,0
.27027899,.034356534,.0017525449,.000071862021,0,0,0,0,0,0,0,0,0,0,0,0,0,0,0,0
.64032364,.37100923,.026818663,.00054179184,0,0,0,0,0,0,0,0,0,0,0,0,0,0,0,0
.40566075,.02030921,.00038542782,0,0,0,0,0,0,0,0,0,0,0,0,0,0,0,0,0
.77711707,.053208482,.00068760198,0,0,0,0,0,0,0,0,0,0,0,0,0,0,0,0,0
.37706289,.7194913,.11216124,.0047178157,.000093893585,0,0,0,0,0,0,0,0,0,0,0,0,0,0,0
.34351408,.016680831,.00018746617,0,0,0,0,0,0,0,0,0,0,0,0,0,0,0,0,0
.067169167,.00023786188,0,0,0,0,0,0,0,0,0,0,0,0,0,0,0,0,0,0
.65329975,.16907568,.001871769,0,0,0,0,0,0,0,0,0,0,0,0,0,0,0,0,0
.47306812,.025161134,.00038728851,0,0,0,0,0,0,0,0,0,0,0,0,0,0,0,0,0
.42564642,.01763789,.0001697259,0,0,0,0,0,0,0,0,0,0,0,0,0,0,0,0,0
.28148448,.93897367,.3296023,.050656851,.0031494021,.00016497038,0,0,0,0,0,0,0,0,0,0,0,0,0,0
.92439014,.11764759,.0028140359,.000014125443,0,0,0,0,0,0,0,0,0,0,0,0,0,0,0,0
.74155837,.39006528,.035202175,.0018472589,.000035093755,0,0,0,0,0,0,0,0,0,0,0,0,0,0,0
.32209599,.015655078,.00032542759,0,0,0,0,0,0,0,0,0,0,0,0,0,0,0,0,0
.77700955,.33962628,.032283232,.0011314168,.000019401486,0,0,0,0,0,0,0,0,0,0,0,0,0,0,0
.382449,.059840437,.0041595735,.00020044215,0,0,0,0,0,0,0,0,0,0,0,0,0,0,0,0
.027058443,.42674115,.47208387,.031099593,.00035524406,0,0,0,0,0,0,0,0,0,0,0,0,0,0,0
.021979544,.000030227182,0,0,0,0,0,0,0,0,0,0,0,0,0,0,0,0,0,0
.0098615419,.00010480575,0,0,0,0,0,0,0,0,0,0,0,0,0,0,0,0,0,0
.11387084,.5871352,.62300646,.10048405,.010967612,.00031509501,0,0,0,0,0,0,0,0,0,0,0,0,0,0
.17995195,.010630491,.00033305847,0,0,0,0,0,0,0,0,0,0,0,0,0,0,0,0,0
.48208731,.016520277,.000082169761,0,0,0,0,0,0,0,0,0,0,0,0,0,0,0,0,0
.448634,.29288322,.0085171144,.000030925126,0,0,0,0,0,0,0,0,0,0,0,0,0,0,0,0
.85305005,.19424683,.0040078596,.000057143046,0,0,0,0,0,0,0,0,0,0,0,0,0,0,0,0
.015930941,.19213729,.88226897,.26283729,.020474644,.00096157455,.000014996778,0,0,0,0,0,0,0,0,0,0,0,0,0
.26433346,.82107848,.1228666,.0049459441,.00009389058,0,0,0,0,0,0,0,0,0,0,0,0,0,0,0
.49766657,.021966506,.00016907572,0,0,0,0,0,0,0,0,0,0,0,0,0,0,0,0,0
.16161233,.75322837,.42163485,.057633877,.0030340867,.00010708151,0,0,0,0,0,0,0,0,0,0,0,0,0,0
.10621218,.53259909,.72059828,.1498369,.017457591,.00080511835,.000032335523,0,0,0,0,0,0,0,0,0,0,0,0,0
.010415103,.0001920232,0,0,0,0,0,0,0,0,0,0,0,0,0,0,0,0,0,0
.37033713,.045944694,.0024302558,.000077869401,0,0,0,0,0,0,0,0,0,0,0,0,0,0,0,0
.40074992,.55629253,.037746318,.00043819819,0,0,0,0,0,0,0,0,0,0,0,0,0,0,0,0
.74738789,.16574714,.015348584,.0006801631,.000022437573,0,0,0,0,0,0,0,0,0,0,0,0,0,0,0
.72685915,.025841277,.00014610929,0,0,0,0,0,0,0,0,0,0,0,0,0,0,0,0,0
.10787143,.00024882617,0,0,0,0,0,0,0,0,0,0,0,0,0,0,0,0,0,0
.10150589,.0018068397,0,0,0,0,0,0,0,0,0,0,0,0,0,0,0,0,0,0
.00096759113,.026530685,.27139995,.81553453,.11083121,.0070655579,.00014049736,0,0,0,0,0,0,0,0,0,0,0,0,0
.59741551,.297757,.011072299,.000075988493,0,0,0,0,0,0,0,0,0,0,0,0,0,0,0,0
.058814827,.0047068368,.00021350468,0,0,0,0,0,0,0,0,0,0,0,0,0,0,0,0,0
.70677519,.3351599,.027621314,.00075278542,0,0,0,0,0,0,0,0,0,0,0,0,0,0,0,0
.7983461,.20532258,.0063719312,.000060953043,0,0,0,0,0,0,0,0,0,0,0,0,0,0,0,0
.13685289,.85602921,.062182352,.00095145352,0,0,0,0,0,0,0,0,0,0,0,0,0,0,0,0
.86089152,.11348563,.0018697806,0,0,0,0,0,0,0,0,0,0,0,0,0,0,0,0,0
.11811685,.0034116146,.000040556744,0,0,0,0,0,0,0,0,0,0,0,0,0,0,0,0,0
.98150069,.23078786,.020007672,.00071103097,.000022386821,0,0,0,0,0,0,0,0,0,0,0,0,0,0,0
.21625249,.92421126,.14097875,.0057190736,.000077604702,0,0,0,0,0,0,0,0,0,0,0,0,0,0,0
.29437163,.022472782,.00061630132,.000010028165,0,0,0,0,0,0,0,0,0,0,0,0,0,0,0,0
.38957691,.65952784,.07931038,.0020471215,.000036726913,0,0,0,0,0,0,0,0,0,0,0,0,0,0,0
.0081350869,.000017360822,0,0,0,0,0,0,0,0,0,0,0,0,0,0,0,0,0,0
.25873256,.0062732934,.000040627925,0,0,0,0,0,0,0,0,0,0,0,0,0,0,0,0,0
.46927917,.027168879,.00035419312,0,0,0,0,0,0,0,0,0,0,0,0,0,0,0,0,0
.53674525,.013494156,.000047730537,0,0,0,0,0,0,0,0,0,0,0,0,0,0,0,0,0
.084592961,.00079557946,0,0,0,0,0,0,0,0,0,0,0,0,0,0,0,0,0,0
.24508941,.80579573,.1134893,.0042822561,.000070466311,0,0,0,0,0,0,0,0,0,0,0,0,0,0,0
.70046312,.29284686,.014016176,.00019974557,0,0,0,0,0,0,0,0,0,0,0,0,0,0,0,0
.61373699,.02571224,.00017258451,0,0,0,0,0,0,0,0,0,0,0,0,0,0,0,0,0
.48956546,.07486885,.0047077052,.00017866593,0,0,0,0,0,0,0,0,0,0,0,0,0,0,0,0
.13029857,.94709373,.10719741,.0027064732,.000010625599,0,0,0,0,0,0,0,0,0,0,0,0,0,0,0
.013540721,.90941787,.019770743,0,0,0,0,0,0,0,0,0,0,0,0,0,0,0,0,0
.62546235,.60927486,.14113872,.019310705,.00089286146,.00004280435,0,0,0,0,0,0,0,0,0,0,0,0,0,0
.20653185,.00042738797,0,0,0,0,0,0,0,0,0,0,0,0,0,0,0,0,0,0
.39609301,.061808888,.0048293485,.00025525849,0,0,0,0,0,0,0,0,0,0,0,0,0,0,0,0
.98779625,.0761794,.0010550043,0,0,0,0,0,0,0,0,0,0,0,0,0,0,0,0,0
.79301149,.36056879,.039441012,.0020134414,.000046412169,0,0,0,0,0,0,0,0,0,0,0,0,0,0,0
.48450103,.011729545,.000045264369,0,0,0,0,0,0,0,0,0,0,0,0,0,0,0,0,0
.44511771,.49859047,.02993945,.00063321303,0,0,0,0,0,0,0,0,0,0,0,0,0,0,0,0
.40037504,.46534556,.023015043,.0002578776,0,0,0,0,0,0,0,0,0,0,0,0,0,0,0,0
.25860831,.54244435,.019755041,.00014075912,0,0,0,0,0,0,0,0,0,0,0,0,0,0,0,0
.37802559,.014974441,.00012870503,0,0,0,0,0,0,0,0,0,0,0,0,0,0,0,0,0
.33411208,.042917851,.0030951451,.000094622868,0,0,0,0,0,0,0,0,0,0,0,0,0,0,0,0
.8741591,.056439005,.00039541096,0,0,0,0,0,0,0,0,0,0,0,0,0,0,0,0,0
.21311536,.94384533,.23654585,.020217879,.00069363561,.000013631695,0,0,0,0,0,0,0,0,0,0,0,0,0,0
.47446465,.53580946,.057927083,.0015406023,.000014504511,0,0,0,0,0,0,0,0,0,0,0,0,0,0,0
.62379616,.090953693,.0045065354,.00013356729,0,0,0,0,0,0,0,0,0,0,0,0,0,0,0,0
.67286122,.1121742,.0067880824,.00022168517,0,0,0,0,0,0,0,0,0,0,0,0,0,0,0,0
.70711738,.13649125,.010832503,.00044043927,.000011187407,0,0,0,0,0,0,0,0,0,0,0,0,0,0,0
.90193659,.24487367,.019248636,.00036230808,0,0,0,0,0,0,0,0,0,0,0,0,0,0,0,0
.77977228,.011160066,0,0,0,0,0,0,0,0,0,0,0,0,0,0,0,0,0,0
.54827893,.6829198,.15864107,.015679577,.0010305089,.000035089586,0,0,0,0,0,0,0,0,0,0,0,0,0,0
.0047382624,.000018613753,0,0,0,0,0,0,0,0,0,0,0,0,0,0,0,0,0,0
.57485223,.033184174,.00032955434,0,0,0,0,0,0,0,0,0,0,0,0,0,0,0,0,0
.55738014,.76838332,.24570036,.035391241,.0035821437,.00021552158,0,0,0,0,0,0,0,0,0,0,0,0,0,0
.31476894,.77642679,.60786128,.20669487,.038605545,.0054323697,.00049226568,.000037325692,0,0,0,0,0,0,0,0,0,0,0,0
.23759119,.45660982,.0076685995,.000016600314,0,0,0,0,0,0,0,0,0,0,0,0,0,0,0,0
.20449215,.84936714,.33009741,.035693653,.001949232,.000040783965,0,0,0,0,0,0,0,0,0,0,0,0,0,0
.28074226,.0095872879,.00010621014,0,0,0,0,0,0,0,0,0,0,0,0,0,0,0,0,0
.72140485,.13014971,.010185821,.00031252304,0,0,0,0,0,0,0,0,0,0,0,0,0,0,0,0
.035638247,.40696156,.52115041,.046991508,.0013487029,.000012192046,0,0,0,0,0,0,0,0,0,0,0,0,0,0
.75937748,.057674166,.00083564513,0,0,0,0,0,0,0,0,0,0,0,0,0,0,0,0,0
.59053874,.066692926,.0028269321,.000032742752,0,0,0,0,0,0,0,0,0,0,0,0,0,0,0,0
.58718723,.074107692,.0025218157,.000044599343,0,0,0,0,0,0,0,0,0,0,0,0,0,0,0,0
.039497755,.2317242,.77906954,.52047169,.11739144,.015152567,.0011578349,.000038061578,0,0,0,0,0,0,0,0,0,0,0,0
.77689958,.41353536,.049113937,.0027595465,.000068981244,0,0,0,0,0,0,0,0,0,0,0,0,0,0,0
.21670586,.43717206,.0042996458,.000011268736,0,0,0,0,0,0,0,0,0,0,0,0,0,0,0,0
.34759697,.0027244699,0,0,0,0,0,0,0,0,0,0,0,0,0,0,0,0,0,0
.52005792,.38499856,.012558938,.00014644243,0,0,0,0,0,0,0,0,0,0,0,0,0,0,0,0
.91513819,.33897695,.079638757,.011048859,.00098418188,.00007967306,0,0,0,0,0,0,0,0,0,0,0,0,0,0
.93857932,.10655349,.0025422117,.00002306323,0,0,0,0,0,0,0,0,0,0,0,0,0,0,0,0
.84293401,.055773873,.00050271582,0,0,0,0,0,0,0,0,0,0,0,0,0,0,0,0,0
.68187279,.57057285,.11249813,.010581712,.00060844928,.000010239596,0,0,0,0,0,0,0,0,0,0,0,0,0,0
.12186681,.00098575396,0,0,0,0,0,0,0,0,0,0,0,0,0,0,0,0,0,0
.16661988,.01092927,.00025226132,0,0,0,0,0,0,0,0,0,0,0,0,0,0,0,0,0
.085107826,.75406247,.18320735,.0058392347,.000079291138,0,0,0,0,0,0,0,0,0,0,0,0,0,0,0
.2782602,.76509464,.10552017,.0036839261,.000038128197,0,0,0,0,0,0,0,0,0,0,0,0,0,0,0
.01603391,.31252855,.6095494,.048163999,.00077747292,0,0,0,0,0,0,0,0,0,0,0,0,0,0,0
.63659829,.29826471,.015128395,.00025587421,0,0,0,0,0,0,0,0,0,0,0,0,0,0,0,0
.7479468,.020332912,.000056128643,0,0,0,0,0,0,0,0,0,0,0,0,0,0,0,0,0
.43301228,.38580939,.013056441,.000095288357,0,0,0,0,0,0,0,0,0,0,0,0,0,0,0,0
.13262555,.70454419,.42659453,.047268134,.0030051183,.000073877127,0,0,0,0,0,0,0,0,0,0,0,0,0,0
.0098515712,.21378812,.84301323,.09482947,.0031915731,.000019170449,0,0,0,0,0,0,0,0,0,0,0,0,0,0
.2987487,.43106008,.0097050574,.000036255231,0,0,0,0,0,0,0,0,0,0,0,0,0,0,0,0
.66953748,.070799105,.0014794831,.000011583013,0,0,0,0,0,0,0,0,0,0,0,0,0,0,0,0
.47595558,.08254452,.0056047356,.0001892514,0,0,0,0,0,0,0,0,0,0,0,0,0,0,0,0
.57939649,.035824887,.00043114918,0,0,0,0,0,0,0,0,0,0,0,0,0,0,0,0,0
.56801325,.57440603,.083979495,.0056471354,.00017475153,0,0,0,0,0,0,0,0,0,0,0,0,0,0,0
.11925097,.72472405,.36206186,.031792331,.00097534555,0,0,0,0,0,0,0,0,0,0,0,0,0,0,0
.051740762,.50945091,.46865413,.048765384,.0010571653,.000011306434,0,0,0,0,0,0,0,0,0,0,0,0,0,0
.12372344,.43693197,.98478806,.42577761,.11534081,.017307987,.0020740959,.00013187726,.000010645125,0,0,0,0,0,0,0,0,0,0,0
.67592698,.19995642,.0057742116,.000011200986,0,0,0,0,0,0,0,0,0,0,0,0,0,0,0,0
.34752119,.011708919,.000081478218,0,0,0,0,0,0,0,0,0,0,0,0,0,0,0,0,0
.6018194,.081914902,.0046184887,.00010747787,0,0,0,0,0,0,0,0,0,0,0,0,0,0,0,0
.77863693,.12962115,.00075328432,0,0,0,0,0,0,0,0,0,0,0,0,0,0,0,0,0
.52370179,.076539591,.0049700555,.00015537949,0,0,0,0,0,0,0,0,0,0,0,0,0,0,0,0
.10642398,.000675291,0,0,0,0,0,0,0,0,0,0,0,0,0,0,0,0,0,0
.064174689,.65293378,.32029751,.0184821,.00028433188,0,0,0,0,0,0,0,0,0,0,0,0,0,0,0
.77898049,.065809555,.00085027271,0,0,0,0,0,0,0,0,0,0,0,0,0,0,0,0,0
.20215209,.81859148,.065915458,.001351152,0,0,0,0,0,0,0,0,0,0,0,0,0,0,0,0
.74840337,.12137002,.0011017785,0,0,0,0,0,0,0,0,0,0,0,0,0,0,0,0,0
.091704726,.98298806,.1025748,.001443487,0,0,0,0,0,0,0,0,0,0,0,0,0,0,0,0
.15240118,.44598168,.9007867,.53928328,.18060945,.043160941,.0071694693,.00072539237,.000095814808,0,0,0,0,0,0,0,0,0,0,0
.1164413,.893381,.19640106,.0076115699,.000096855838,0,0,0,0,0,0,0,0,0,0,0,0,0,0,0
.28823167,.30606496,.0046861982,0,0,0,0,0,0,0,0,0,0,0,0,0,0,0,0,0
.089193456,.80109316,.23124601,.0080788136,.000072918578,0,0,0,0,0,0,0,0,0,0,0,0,0,0,0
.12728865,.0020930632,0,0,0,0,0,0,0,0,0,0,0,0,0,0,0,0,0,0
.4197171,.73739815,.12604791,.0080247922,.0002506513,0,0,0,0,0,0,0,0,0,0,0,0,0,0,0
.53092086,.032371279,.00037981017,0,0,0,0,0,0,0,0,0,0,0,0,0,0,0,0,0
.55027241,.031239798,.00046274159,0,0,0,0,0,0,0,0,0,0,0,0,0,0,0,0,0
.97054613,.062058307,.0003679842,0,0,0,0,0,0,0,0,0,0,0,0,0,0,0,0,0
.13434443,.36395028,.77848697,.71879786,.33072516,.10203055,.021840807,.0051319203,.00059978949,.000077994475,0,0,0,0,0,0,0,0,0,0
.50034386,.15488166,.0013531258,0,0,0,0,0,0,0,0,0,0,0,0,0,0,0,0,0
.19581291,.0069843694,.000046741145,0,0,0,0,0,0,0,0,0,0,0,0,0,0,0,0,0
.5835858,.055110529,.0013373406,.000024547546,0,0,0,0,0,0,0,0,0,0,0,0,0,0,0,0
.94017708,.3279357,.049407046,.00372804,.00012810747,0,0,0,0,0,0,0,0,0,0,0,0,0,0,0
.79091692,.13805558,.0073827575,.00018461575,0,0,0,0,0,0,0,0,0,0,0,0,0,0,0,0
.66789013,.29449946,.015576133,.00025796326,0,0,0,0,0,0,0,0,0,0,0,0,0,0,0,0
.15233256,.0013151602,0,0,0,0,0,0,0,0,0,0,0,0,0,0,0,0,0,0
.043217067,.0022273446,.00007677712,0,0,0,0,0,0,0,0,0,0,0,0,0,0,0,0,0
.32048696,.021891028,.00057577505,0,0,0,0,0,0,0,0,0,0,0,0,0,0,0,0,0
.86508733,.22713192,.013298004,.00021946779,0,0,0,0,0,0,0,0,0,0,0,0,0,0,0,0
.025425881,.50888377,.33396876,.0077140098,.000099767771,0,0,0,0,0,0,0,0,0,0,0,0,0,0,0
.11230483,.0032967823,.000030794527,0,0,0,0,0,0,0,0,0,0,0,0,0,0,0,0,0
.524643,.026443934,.00037995019,0,0,0,0,0,0,0,0,0,0,0,0,0,0,0,0,0
.78408748,.098405838,.0028666365,.000050947954,0,0,0,0,0,0,0,0,0,0,0,0,0,0,0,0
.036920827,.83449793,.091698781,.00054339255,0,0,0,0,0,0,0,0,0,0,0,0,0,0,0,0
.085261539,.78591764,.020844009,.00003684872,0,0,0,0,0,0,0,0,0,0,0,0,0,0,0,0
.95246339,.17422563,.0059711495,.000069740418,0,0,0,0,0,0,0,0,0,0,0,0,0,0,0,0
.30304104,.024074769,.00088214583,.000010224975,0,0,0,0,0,0,0,0,0,0,0,0,0,0,0,0
.34910637,.0072011463,.000019453379,0,0,0,0,0,0,0,0,0,0,0,0,0,0,0,0,0
.25257513,.0045342804,.000018194725,0,0,0,0,0,0,0,0,0,0,0,0,0,0,0,0,0
.36936393,.49323586,.027633725,.00049958023,0,0,0,0,0,0,0,0,0,0,0,0,0,0,0,0
.07734628,.0031886417,.000056942499,0,0,0,0,0,0,0,0,0,0,0,0,0,0,0,0,0
.90176386,.15569864,.0093256347,.00023678022,0,0,0,0,0,0,0,0,0,0,0,0,0,0,0,0
.11817789,.91695857,.16463102,.0075790384,.00008047912,0,0,0,0,0,0,0,0,0,0,0,0,0,0,0
.97820485,.15279509,.0062787523,.000081426952,0,0,0,0,0,0,0,0,0,0,0,0,0,0,0,0
.31670251,.02320358,.00040495329,0,0,0,0,0,0,0,0,0,0,0,0,0,0,0,0,0
.59392226,.39208272,.030082906,.00062462862,0,0,0,0,0,0,0,0,0,0,0,0,0,0,0,0
.69902372,.13242783,.0077588689,.00024254899,0,0,0,0,0,0,0,0,0,0,0,0,0,0,0,0
.77530617,.093116917,.0034537469,.000031545886,0,0,0,0,0,0,0,0,0,0,0,0,0,0,0,0
.84326547,.13276221,.0058190208,.000070559778,0,0,0,0,0,0,0,0,0,0,0,0,0,0,0,0
.62765419,.76952904,.3258557,.082767673,.013771453,.0014321174,.00017410226,0,0,0,0,0,0,0,0,0,0,0,0,0
.82360119,.052009612,.00024376011,0,0,0,0,0,0,0,0,0,0,0,0,0,0,0,0,0
.82779104,.092174903,.00072999235,0,0,0,0,0,0,0,0,0,0,0,0,0,0,0,0,0
.030288341,.0018026406,.000070004797,0,0,0,0,0,0,0,0,0,0,0,0,0,0,0,0,0
.97825736,.24555705,.014310312,.00047861045,0,0,0,0,0,0,0,0,0,0,0,0,0,0,0,0
.60838288,.029609734,.00022084924,0,0,0,0,0,0,0,0,0,0,0,0,0,0,0,0,0
.23696285,.0041972566,.000029643437,0,0,0,0,0,0,0,0,0,0,0,0,0,0,0,0,0
.45570895,.045461193,.00097982201,.000015874804,0,0,0,0,0,0,0,0,0,0,0,0,0,0,0,0
.34968647,.004493719,.000014491447,0,0,0,0,0,0,0,0,0,0,0,0,0,0,0,0,0
.46738073,.0049695848,0,0,0,0,0,0,0,0,0,0,0,0,0,0,0,0,0,0
.49404863,.064987034,.0036847268,.000090235728,0,0,0,0,0,0,0,0,0,0,0,0,0,0,0,0
.089713074,.77611828,.24332288,.0070018349,.00010335493,0,0,0,0,0,0,0,0,0,0,0,0,0,0,0
.44249147,.4319039,.02026728,.00037357913,0,0,0,0,0,0,0,0,0,0,0,0,0,0,0,0
.9001165,.1357628,.003503307,.000017571099,0,0,0,0,0,0,0,0,0,0,0,0,0,0,0,0
.3968074,.49659118,.033489112,.00028374404,0,0,0,0,0,0,0,0,0,0,0,0,0,0,0,0
.15737988,.7155636,.034944456,.00027327496,0,0,0,0,0,0,0,0,0,0,0,0,0,0,0,0
.067039661,.67271829,.019669393,.000027697528,0,0,0,0,0,0,0,0,0,0,0,0,0,0,0,0
.022000069,.000046244975,0,0,0,0,0,0,0,0,0,0,0,0,0,0,0,0,0,0
.78749442,.11771482,.0064723245,.000097771604,0,0,0,0,0,0,0,0,0,0,0,0,0,0,0,0
.982898,.043273102,.00021262348,0,0,0,0,0,0,0,0,0,0,0,0,0,0,0,0,0
.51126522,.46058056,.041689452,.0007739361,0,0,0,0,0,0,0,0,0,0,0,0,0,0,0,0
.32417214,.57161564,.036411658,.00043172785,0,0,0,0,0,0,0,0,0,0,0,0,0,0,0,0
.82626486,.16818112,.0040840064,.000032685875,0,0,0,0,0,0,0,0,0,0,0,0,0,0,0,0
.23265228,.0058425581,.000060159651,0,0,0,0,0,0,0,0,0,0,0,0,0,0,0,0,0
.70823038,.082926765,.0002781885,0,0,0,0,0,0,0,0,0,0,0,0,0,0,0,0,0
.96137905,.39519098,.075788192,.0098953638,.00052715145,.000026883316,0,0,0,0,0,0,0,0,0,0,0,0,0,0
.94264072,.13931246,.0046291123,.000038697941,0,0,0,0,0,0,0,0,0,0,0,0,0,0,0,0
.99186039,.26059487,.027763063,.0012577922,.00003094324,0,0,0,0,0,0,0,0,0,0,0,0,0,0,0
.12068013,.00067112548,0,0,0,0,0,0,0,0,0,0,0,0,0,0,0,0,0,0
.20175946,.00075581687,0,0,0,0,0,0,0,0,0,0,0,0,0,0,0,0,0,0
.99523032,.13413002,.0049949954,.000072879935,0,0,0,0,0,0,0,0,0,0,0,0,0,0,0,0
.60787088,.032653224,.00053897646,0,0,0,0,0,0,0,0,0,0,0,0,0,0,0,0,0
.98652458,.33355492,.043230314,.0023954757,.00011817997,0,0,0,0,0,0,0,0,0,0,0,0,0,0,0
.79001105,.54497564,.12866701,.020680649,.00176151,.000086443593,0,0,0,0,0,0,0,0,0,0,0,0,0,0
.72511578,.69384342,.25685906,.059797782,.0084473277,.0011603211,.000096706484,0,0,0,0,0,0,0,0,0,0,0,0,0
.68508315,.32078308,.020496624,.00031109218,0,0,0,0,0,0,0,0,0,0,0,0,0,0,0,0
.74247599,.18090856,.019283397,.00095139985,.000033755965,0,0,0,0,0,0,0,0,0,0,0,0,0,0,0
.47223651,.11429265,.00029271995,0,0,0,0,0,0,0,0,0,0,0,0,0,0,0,0,0
.69236863,.087999478,.0032585436,.000033506825,0,0,0,0,0,0,0,0,0,0,0,0,0,0,0,0
.84340715,.29959798,.0266192,.00091199507,.000014227214,0,0,0,0,0,0,0,0,0,0,0,0,0,0,0
.32558262,.55847663,.034911226,.00027015933,0,0,0,0,0,0,0,0,0,0,0,0,0,0,0,0
.6135602,.47864389,.060648493,.0021008353,.000051245246,0,0,0,0,0,0,0,0,0,0,0,0,0,0,0
.45375752,.028474007,.00045827919,0,0,0,0,0,0,0,0,0,0,0,0,0,0,0,0,0
.45693642,.031064635,.00064795936,0,0,0,0,0,0,0,0,0,0,0,0,0,0,0,0,0
.19980092,.46934685,.0062461016,.000015641695,0,0,0,0,0,0,0,0,0,0,0,0,0,0,0,0
.45176718,.037041761,.00083452382,0,0,0,0,0,0,0,0,0,0,0,0,0,0,0,0,0
.20494021,.91425073,.29779816,.031279109,.0014471788,.000042783853,0,0,0,0,0,0,0,0,0,0,0,0,0,0
.20556104,.84247088,.074443132,.0015174737,.000010748748,0,0,0,0,0,0,0,0,0,0,0,0,0,0,0
.087053888,.0037331288,.00007717227,0,0,0,0,0,0,0,0,0,0,0,0,0,0,0,0,0
.047812156,.00050693064,0,0,0,0,0,0,0,0,0,0,0,0,0,0,0,0,0,0
.63647836,.13626792,.011736319,.00044733664,.000019682553,0,0,0,0,0,0,0,0,0,0,0,0,0,0,0
.17182587,.0012440318,0,0,0,0,0,0,0,0,0,0,0,0,0,0,0,0,0,0
.67201841,.1373432,.0021985869,0,0,0,0,0,0,0,0,0,0,0,0,0,0,0,0,0
.64737922,.038372226,.00050464959,0,0,0,0,0,0,0,0,0,0,0,0,0,0,0,0,0
.54989159,.17002024,.0011247676,0,0,0,0,0,0,0,0,0,0,0,0,0,0,0,0,0
.66922808,.054008313,.0010066886,0,0,0,0,0,0,0,0,0,0,0,0,0,0,0,0,0
.67219973,.60065252,.15769783,.017925603,.0016451821,.000059345894,0,0,0,0,0,0,0,0,0,0,0,0,0,0
.52667034,.60350966,.090720914,.0057147285,.00010746362,0,0,0,0,0,0,0,0,0,0,0,0,0,0,0
.54988933,.5281474,.057770226,.0027117727,.000044330282,0,0,0,0,0,0,0,0,0,0,0,0,0,0,0
.72608554,.33329046,.021761676,.00064013759,0,0,0,0,0,0,0,0,0,0,0,0,0,0,0,0
.96913618,.12540816,.0019333279,.000010754487,0,0,0,0,0,0,0,0,0,0,0,0,0,0,0,0
.96221024,.21973285,.014188928,.00043328546,0,0,0,0,0,0,0,0,0,0,0,0,0,0,0,0
.13101952,.95418376,.068545036,.0013738986,0,0,0,0,0,0,0,0,0,0,0,0,0,0,0,0
.12627158,.47343796,.004686784,0,0,0,0,0,0,0,0,0,0,0,0,0,0,0,0,0
.56137478,.17259432,.0011782884,0,0,0,0,0,0,0,0,0,0,0,0,0,0,0,0,0
.28029981,.022154201,.00062220084,0,0,0,0,0,0,0,0,0,0,0,0,0,0,0,0,0
.029501477,.29885301,.8782087,.18995374,.015462663,.00036401005,0,0,0,0,0,0,0,0,0,0,0,0,0,0
.98501235,.1417523,.0063452781,.000053460368,0,0,0,0,0,0,0,0,0,0,0,0,0,0,0,0
.68570846,.29062131,.013718563,.00016183508,0,0,0,0,0,0,0,0,0,0,0,0,0,0,0,0
.52208889,.06364648,.0022969793,.000041853065,0,0,0,0,0,0,0,0,0,0,0,0,0,0,0,0
.93337667,.40716845,.081439398,.010945839,.00055830885,.000033374494,0,0,0,0,0,0,0,0,0,0,0,0,0,0
.3894088,.72278297,.10700814,.0055100452,.0001319827,0,0,0,0,0,0,0,0,0,0,0,0,0,0,0
.83790356,.22773866,.011210784,.00021939397,0,0,0,0,0,0,0,0,0,0,0,0,0,0,0,0
.15357652,.0066266381,.00007532868,0,0,0,0,0,0,0,0,0,0,0,0,0,0,0,0,0
.15796255,.79032439,.036860537,.00051535008,0,0,0,0,0,0,0,0,0,0,0,0,0,0,0,0
.52858359,.085295387,.005966661,.00017380282,0,0,0,0,0,0,0,0,0,0,0,0,0,0,0,0
.5334664,.0096438099,.000039893454,0,0,0,0,0,0,0,0,0,0,0,0,0,0,0,0,0
.89189857,.095039755,.0021028472,0,0,0,0,0,0,0,0,0,0,0,0,0,0,0,0,0
.13113688,.010626356,.00028680122,0,0,0,0,0,0,0,0,0,0,0,0,0,0,0,0,0
.037243187,.0009106478,0,0,0,0,0,0,0,0,0,0,0,0,0,0,0,0,0,0
.20197655,.9425053,.17068455,.007706231,.00010525839,0,0,0,0,0,0,0,0,0,0,0,0,0,0,0
.89845109,.13345297,.0019444026,.000010080316,0,0,0,0,0,0,0,0,0,0,0,0,0,0,0,0
.063898794,.00077951804,0,0,0,0,0,0,0,0,0,0,0,0,0,0,0,0,0,0
.67255515,.094339654,.0045867693,.000078690231,0,0,0,0,0,0,0,0,0,0,0,0,0,0,0,0
.41993725,.69795936,.12496655,.0085686585,.00014731589,0,0,0,0,0,0,0,0,0,0,0,0,0,0,0
.37301722,.02997829,.00052217575,0,0,0,0,0,0,0,0,0,0,0,0,0,0,0,0,0
.1232226,.59319633,.0088270837,.000025808686,0,0,0,0,0,0,0,0,0,0,0,0,0,0,0,0
.38395628,.015769666,.00012848445,0,0,0,0,0,0,0,0,0,0,0,0,0,0,0,0,0
.25653639,.0045197587,.000014263703,0,0,0,0,0,0,0,0,0,0,0,0,0,0,0,0,0
.22530556,.68673825,.046971984,.00065026968,0,0,0,0,0,0,0,0,0,0,0,0,0,0,0,0
.89149868,.035527866,.00014519191,0,0,0,0,0,0,0,0,0,0,0,0,0,0,0,0,0
.1999976,.0014371227,0,0,0,0,0,0,0,0,0,0,0,0,0,0,0,0,0,0
.84576911,.23980941,.027297083,.0017994615,.000059000959,0,0,0,0,0,0,0,0,0,0,0,0,0,0,0
.14020808,.93692768,.161846,.0053015705,.000036662419,0,0,0,0,0,0,0,0,0,0,0,0,0,0,0
.17075782,.41897464,.0026623197,0,0,0,0,0,0,0,0,0,0,0,0,0,0,0,0,0
.19406427,.0041395486,.000028927945,0,0,0,0,0,0,0,0,0,0,0,0,0,0,0,0,0
.27101451,.016894227,.00033491699,0,0,0,0,0,0,0,0,0,0,0,0,0,0,0,0,0
.28490266,.8979001,.16890647,.011051298,.00043307041,0,0,0,0,0,0,0,0,0,0,0,0,0,0,0
.60084563,.39385051,.019381659,.0003627601,0,0,0,0,0,0,0,0,0,0,0,0,0,0,0,0
.72556037,.19629826,.0042239386,.00003063594,0,0,0,0,0,0,0,0,0,0,0,0,0,0,0,0
.93226612,.034862272,.000036008729,0,0,0,0,0,0,0,0,0,0,0,0,0,0,0,0,0
.082856767,.34625018,.92571086,.44180971,.11647534,.013573445,.0011789708,.000074544674,0,0,0,0,0,0,0,0,0,0,0,0
.27637801,.010032345,.0001008972,0,0,0,0,0,0,0,0,0,0,0,0,0,0,0,0,0
.14717242,.620866,.59211242,.13228059,.014855788,.00069869804,.000025214502,0,0,0,0,0,0,0,0,0,0,0,0,0
.20428263,.59718633,.024075296,.00016748573,0,0,0,0,0,0,0,0,0,0,0,0,0,0,0,0
.86607045,.21031266,.0091495663,.00011117577,0,0,0,0,0,0,0,0,0,0,0,0,0,0,0,0
.081477262,.32062083,.78765881,.61200172,.19777173,.041894421,.0055727088,.00041465441,.000023307213,0,0,0,0,0,0,0,0,0,0,0
.99278933,.17353809,.0069326991,.00011516881,0,0,0,0,0,0,0,0,0,0,0,0,0,0,0,0
.4724009,.0084921699,.000019878154,0,0,0,0,0,0,0,0,0,0,0,0,0,0,0,0,0
.6184603,.65873486,.14272289,.019053429,.0013147382,.000032112253,0,0,0,0,0,0,0,0,0,0,0,0,0,0
.64210212,.042843919,.00052770856,0,0,0,0,0,0,0,0,0,0,0,0,0,0,0,0,0
.2889027,.0021809384,0,0,0,0,0,0,0,0,0,0,0,0,0,0,0,0,0,0
.61350262,.2176135,.0040929215,.000027869244,0,0,0,0,0,0,0,0,0,0,0,0,0,0,0,0
.39097324,.59625238,.065442115,.0020596827,.000022380062,0,0,0,0,0,0,0,0,0,0,0,0,0,0,0
.20324086,.8576799,.098552957,.0028307228,.000017135204,0,0,0,0,0,0,0,0,0,0,0,0,0,0,0
.17113717,.0074182563,.00010338845,0,0,0,0,0,0,0,0,0,0,0,0,0,0,0,0,0
.84022695,.20816387,.023921032,.0013238681,.000051853429,0,0,0,0,0,0,0,0,0,0,0,0,0,0,0
.083629809,.39136726,.97302657,.30175143,.058002338,.004635328,.00023555044,0,0,0,0,0,0,0,0,0,0,0,0,0
.16369161,.85196924,.06635081,.00073809439,0,0,0,0,0,0,0,0,0,0,0,0,0,0,0,0
.85117424,.055036638,.00049169385,0,0,0,0,0,0,0,0,0,0,0,0,0,0,0,0,0
.12035704,.97155464,.10849416,.0024877416,.000010605871,0,0,0,0,0,0,0,0,0,0,0,0,0,0,0
.90337324,.076826729,.00117801,0,0,0,0,0,0,0,0,0,0,0,0,0,0,0,0,0
.61305851,.066862538,.0019183172,.000029781891,0,0,0,0,0,0,0,0,0,0,0,0,0,0,0,0
.22054166,.012514421,.00025868643,0,0,0,0,0,0,0,0,0,0,0,0,0,0,0,0,0
.83746427,.098367006,.00078622909,0,0,0,0,0,0,0,0,0,0,0,0,0,0,0,0,0
.010354937,.000029210127,0,0,0,0,0,0,0,0,0,0,0,0,0,0,0,0,0,0
.78772789,.18977334,.0049264552,.000030680061,0,0,0,0,0,0,0,0,0,0,0,0,0,0,0,0
.16585624,.81067961,.33104897,.030809909,.0010696844,.000023405612,0,0,0,0,0,0,0,0,0,0,0,0,0,0
.488204,.6028434,.086390413,.0042026746,.000089815869,0,0,0,0,0,0,0,0,0,0,0,0,0,0,0
.13082591,.0089155184,.00031595692,0,0,0,0,0,0,0,0,0,0,0,0,0,0,0,0,0
.30946529,.0082444996,.000079710895,0,0,0,0,0,0,0,0,0,0,0,0,0,0,0,0,0
.00041226123,0,0,0,0,0,0,0,0,0,0,0,0,0,0,0,0,0,0,0
.068390273,.0035973368,.000079472913,0,0,0,0,0,0,0,0,0,0,0,0,0,0,0,0,0
.02155651,.00017157788,0,0,0,0,0,0,0,0,0,0,0,0,0,0,0,0,0,0
.52368742,.011396051,.000019497113,0,0,0,0,0,0,0,0,0,0,0,0,0,0,0,0,0
.0067719002,.12831436,.80950063,.26805022,.014314103,.00036883194,0,0,0,0,0,0,0,0,0,0,0,0,0,0
.42768273,.50172663,.031788316,.00057332532,0,0,0,0,0,0,0,0,0,0,0,0,0,0,0,0
.4976669,.30094209,.0075581092,.000032153755,0,0,0,0,0,0,0,0,0,0,0,0,0,0,0,0
.1390267,.0014331592,0,0,0,0,0,0,0,0,0,0,0,0,0,0,0,0,0,0
.9018085,.084740013,.00095596467,0,0,0,0,0,0,0,0,0,0,0,0,0,0,0,0,0
.03637924,.00089001603,.000016051992,0,0,0,0,0,0,0,0,0,0,0,0,0,0,0,0,0
.67360389,.05736918,.0012568685,.000010020843,0,0,0,0,0,0,0,0,0,0,0,0,0,0,0,0
.88195515,.34369904,.050418857,.0025007902,.00006840792,0,0,0,0,0,0,0,0,0,0,0,0,0,0,0
.13444661,.0032482499,.000018785971,0,0,0,0,0,0,0,0,0,0,0,0,0,0,0,0,0
.68368661,.057378501,.00013890804,0,0,0,0,0,0,0,0,0,0,0,0,0,0,0,0,0
.47794491,.21248697,.003293775,0,0,0,0,0,0,0,0,0,0,0,0,0,0,0,0,0
.42726588,.96724129,.3790074,.087666504,.0123917,.0010322939,.000083762956,0,0,0,0,0,0,0,0,0,0,0,0,0
.69130087,.016466169,.000030760188,0,0,0,0,0,0,0,0,0,0,0,0,0,0,0,0,0
.002055279,.000028587316,0,0,0,0,0,0,0,0,0,0,0,0,0,0,0,0,0,0
.41142395,.061580971,.0040122145,.00013985627,0,0,0,0,0,0,0,0,0,0,0,0,0,0,0,0
.22954316,.17403515,.0002868532,0,0,0,0,0,0,0,0,0,0,0,0,0,0,0,0,0
.0014919812,.17193598,.41111004,.0042490033,0,0,0,0,0,0,0,0,0,0,0,0,0,0,0,0
.45369348,.81468576,.22635376,.032250904,.0021718147,.000083191073,0,0,0,0,0,0,0,0,0,0,0,0,0,0
.33207017,.94052047,.24784851,.027512984,.0014775051,.000058689366,0,0,0,0,0,0,0,0,0,0,0,0,0,0
.014836178,.00014908628,0,0,0,0,0,0,0,0,0,0,0,0,0,0,0,0,0,0
.6871562,.15682612,.0011602583,0,0,0,0,0,0,0,0,0,0,0,0,0,0,0,0,0
.59118313,.055925924,.001999646,.000018859228,0,0,0,0,0,0,0,0,0,0,0,0,0,0,0,0
.84649777,.13026415,.007500398,.00017438539,0,0,0,0,0,0,0,0,0,0,0,0,0,0,0,0
.88940853,.12979558,.0034698318,.000026736527,0,0,0,0,0,0,0,0,0,0,0,0,0,0,0,0
.14073923,.0018416585,0,0,0,0,0,0,0,0,0,0,0,0,0,0,0,0,0,0
.16823798,.010559476,.00023962509,0,0,0,0,0,0,0,0,0,0,0,0,0,0,0,0,0
.19684501,.0019069834,0,0,0,0,0,0,0,0,0,0,0,0,0,0,0,0,0,0
.52069384,.048210155,.0012934714,.00001079036,0,0,0,0,0,0,0,0,0,0,0,0,0,0,0,0
.67355365,.16705385,.0020701431,0,0,0,0,0,0,0,0,0,0,0,0,0,0,0,0,0
.49945399,.02221784,.00016477382,0,0,0,0,0,0,0,0,0,0,0,0,0,0,0,0,0
.8300125,.1570504,.0081929686,.00026484218,0,0,0,0,0,0,0,0,0,0,0,0,0,0,0,0
.087525435,.0042433818,.000099991477,0,0,0,0,0,0,0,0,0,0,0,0,0,0,0,0,0
.41926259,.010906147,.000063756503,0,0,0,0,0,0,0,0,0,0,0,0,0,0,0,0,0
.038123418,.00041434704,0,0,0,0,0,0,0,0,0,0,0,0,0,0,0,0,0,0
.84970152,.003722819,0,0,0,0,0,0,0,0,0,0,0,0,0,0,0,0,0,0
.1083336,.93964022,.14723593,.002822005,.000029007128,0,0,0,0,0,0,0,0,0,0,0,0,0,0,0
.31909281,.90596694,.41546389,.091633685,.0090900538,.00050846004,.000027933802,0,0,0,0,0,0,0,0,0,0,0,0,0
.30785462,.015613389,.00026552286,0,0,0,0,0,0,0,0,0,0,0,0,0,0,0,0,0
.78149104,.22820093,.028066764,.0020768165,.00011117684,0,0,0,0,0,0,0,0,0,0,0,0,0,0,0
.064477138,.54102772,.49634349,.04720258,.0014441391,.000026229063,0,0,0,0,0,0,0,0,0,0,0,0,0,0
.47803971,.035023496,.0011899931,.000012723753,0,0,0,0,0,0,0,0,0,0,0,0,0,0,0,0
.18510963,.018003151,.00095260027,.00002874372,0,0,0,0,0,0,0,0,0,0,0,0,0,0,0,0
.10734627,.01340255,.00093647069,.000055935383,0,0,0,0,0,0,0,0,0,0,0,0,0,0,0,0
.55781591,.417126,.036663298,.0010586941,0,0,0,0,0,0,0,0,0,0,0,0,0,0,0,0
.55582452,.040759865,.00096032198,0,0,0,0,0,0,0,0,0,0,0,0,0,0,0,0,0
.35306457,.013829065,.000075296783,0,0,0,0,0,0,0,0,0,0,0,0,0,0,0,0,0
.47452149,.035381053,.00070827827,0,0,0,0,0,0,0,0,0,0,0,0,0,0,0,0,0
.3638061,.014278763,.00012006161,0,0,0,0,0,0,0,0,0,0,0,0,0,0,0,0,0
.46678731,.040654495,.00085662503,.000010720676,0,0,0,0,0,0,0,0,0,0,0,0,0,0,0,0
.39650309,.045547236,.0025460399,.000056185469,0,0,0,0,0,0,0,0,0,0,0,0,0,0,0,0
.40369117,.027804518,.00056246499,0,0,0,0,0,0,0,0,0,0,0,0,0,0,0,0,0
.14470749,.69269687,.02601352,.00008942515,0,0,0,0,0,0,0,0,0,0,0,0,0,0,0,0
.18404412,.0076162484,.000070588627,0,0,0,0,0,0,0,0,0,0,0,0,0,0,0,0,0
.07911294,.0022582456,.000014553313,0,0,0,0,0,0,0,0,0,0,0,0,0,0,0,0,0
.48336932,.0060604922,.000017518085,0,0,0,0,0,0,0,0,0,0,0,0,0,0,0,0,0
.52694136,.35089678,.010822135,.000061886734,0,0,0,0,0,0,0,0,0,0,0,0,0,0,0,0
.22504543,.35254508,.002641845,0,0,0,0,0,0,0,0,0,0,0,0,0,0,0,0,0
.024262961,.23715265,.98447257,.23888101,.021987133,.00067208864,.00001289288,0,0,0,0,0,0,0,0,0,0,0,0,0
.72428906,.47695678,.084820069,.0056635696,.00022611655,0,0,0,0,0,0,0,0,0,0,0,0,0,0,0
.39539254,.70632809,.11911828,.0063468749,.00014550732,0,0,0,0,0,0,0,0,0,0,0,0,0,0,0
.96864587,.061544336,.00054284715,0,0,0,0,0,0,0,0,0,0,0,0,0,0,0,0,0
.64100522,.12215295,.0084231412,.00025674826,0,0,0,0,0,0,0,0,0,0,0,0,0,0,0,0
.56234717,.0049814153,0,0,0,0,0,0,0,0,0,0,0,0,0,0,0,0,0,0
.65187079,.080612198,.00034664175,0,0,0,0,0,0,0,0,0,0,0,0,0,0,0,0,0
.42734635,.077815324,.008379668,.00045999826,.000020095509,0,0,0,0,0,0,0,0,0,0,0,0,0,0,0
.15573515,.018955123,.0018983996,.000065411783,0,0,0,0,0,0,0,0,0,0,0,0,0,0,0,0
.34329444,.63032609,.068140455,.0013601854,.000026335927,0,0,0,0,0,0,0,0,0,0,0,0,0,0,0
.57502323,.055343427,.0019499826,.000024451356,0,0,0,0,0,0,0,0,0,0,0,0,0,0,0,0
.37487289,.004109988,0,0,0,0,0,0,0,0,0,0,0,0,0,0,0,0,0,0
