p_storage1,p_storage2,p_storage3,p_storage4,p_storage5,p_storage6,p_storage7,p_storage8,p_storage9,p_storage10,p_storage11,p_storage12,p_storage13,p_storage14,p_storage15,p_storage16,p_storage17,p_storage18,p_storage19,p_storage20,p_storage21,p_storage22,p_storage23,p_storage24
.12129683,.019318644,.0016115364,.00025975503,.000034178509,0,0,0,0,0,0,0,0,0,0,0,0,0,0,0,0,0,0,0
.87385297,.3132726,.071080744,.0098285889,.001413954,.00019535687,.000037916776,0,0,0,0,0,0,0,0,0,0,0,0,0,0,0,0,0
.66683388,.11876054,.013229267,.0010198737,.00010989606,.000010215066,0,0,0,0,0,0,0,0,0,0,0,0,0,0,0,0,0,0
.12768501,.76147348,.398379,.040692762,.0028392209,.00013454887,.000012759016,0,0,0,0,0,0,0,0,0,0,0,0,0,0,0,0,0
.35945755,.028173188,.0009512715,.000045848115,0,0,0,0,0,0,0,0,0,0,0,0,0,0,0,0,0,0,0,0
.93323743,.10879632,.0060834414,.00013725003,.000012949713,0,0,0,0,0,0,0,0,0,0,0,0,0,0,0,0,0,0,0
.57084227,.086465262,.0062109223,.00041690547,.000037054924,0,0,0,0,0,0,0,0,0,0,0,0,0,0,0,0,0,0,0
.90663755,.09697786,.0032077474,.00010475625,0,0,0,0,0,0,0,0,0,0,0,0,0,0,0,0,0,0,0,0
.078191467,.0043415627,.00034821936,.000011248995,0,0,0,0,0,0,0,0,0,0,0,0,0,0,0,0,0,0,0,0
.6281727,.24075018,.0082425987,.00018127152,0,0,0,0,0,0,0,0,0,0,0,0,0,0,0,0,0,0,0,0
.81130576,.026192605,.00023633066,0,0,0,0,0,0,0,0,0,0,0,0,0,0,0,0,0,0,0,0,0
.24502499,.71173054,.6794346,.21764782,.050605323,.0084600458,.0010538946,.00013564249,.00003265655,0,0,0,0,0,0,0,0,0,0,0,0,0,0,0
.31300858,.0040109102,0,0,0,0,0,0,0,0,0,0,0,0,0,0,0,0,0,0,0,0,0,0
.067420043,.012881359,.0018256141,.00040464159,.000052117779,0,0,0,0,0,0,0,0,0,0,0,0,0,0,0,0,0,0,0
.24324733,.017361879,.00082907378,.000046707897,0,0,0,0,0,0,0,0,0,0,0,0,0,0,0,0,0,0,0,0
.95244104,.33290961,.053989306,.0054146596,.0004233814,.000045560781,0,0,0,0,0,0,0,0,0,0,0,0,0,0,0,0,0,0
.32976639,.23733054,.0029817622,.000047433819,0,0,0,0,0,0,0,0,0,0,0,0,0,0,0,0,0,0,0,0
.1961852,.57381839,.77780944,.30177054,.067606129,.013440896,.0023371824,.00030079362,.000046678684,0,0,0,0,0,0,0,0,0,0,0,0,0,0,0
.51116383,.078497551,.0075073396,.00049815269,.000052495383,0,0,0,0,0,0,0,0,0,0,0,0,0,0,0,0,0,0,0
.27050173,.0068721455,.00022098175,0,0,0,0,0,0,0,0,0,0,0,0,0,0,0,0,0,0,0,0,0
.28323439,.23978083,.0030265171,.000031314576,0,0,0,0,0,0,0,0,0,0,0,0,0,0,0,0,0,0,0,0
.30188173,.022506218,.0013227633,.000092805363,0,0,0,0,0,0,0,0,0,0,0,0,0,0,0,0,0,0,0,0
.49433219,.15476663,.0018593273,.000017536981,0,0,0,0,0,0,0,0,0,0,0,0,0,0,0,0,0,0,0,0
.18053843,.036423415,.0069185444,.0010644316,.00017850372,.000019091127,0,0,0,0,0,0,0,0,0,0,0,0,0,0,0,0,0,0
.66237557,.24241784,.066097327,.012353745,.0021810867,.00047086767,.000069742389,.00001098349,0,0,0,0,0,0,0,0,0,0,0,0,0,0,0,0
.97448921,.065152369,.00077975146,.000015194641,0,0,0,0,0,0,0,0,0,0,0,0,0,0,0,0,0,0,0,0
.67599756,.75216651,.28089875,.088458419,.02054362,.0036960775,.00098498573,.00016004368,.000033101987,.000010794741,0,0,0,0,0,0,0,0,0,0,0,0,0,0
.30319551,.079671785,.019037561,.0026851399,.00049324625,.00010604324,.000020201574,0,0,0,0,0,0,0,0,0,0,0,0,0,0,0,0,0
.83425003,.40074077,.06964875,.0079737445,.00079327688,.000086243468,.000010224802,0,0,0,0,0,0,0,0,0,0,0,0,0,0,0,0,0
.11288507,.017479623,.0021756829,.00034867649,.000053955209,0,0,0,0,0,0,0,0,0,0,0,0,0,0,0,0,0,0,0
.27058366,.80713362,.10473872,.0050748456,.00023338346,.00002285566,0,0,0,0,0,0,0,0,0,0,0,0,0,0,0,0,0,0
.62801164,.1308876,.0012379,.000010991634,0,0,0,0,0,0,0,0,0,0,0,0,0,0,0,0,0,0,0,0
.48323292,.21327288,.0057401396,.00011056673,0,0,0,0,0,0,0,0,0,0,0,0,0,0,0,0,0,0,0,0
.5974763,.78408724,.30324832,.0868949,.012589438,.0036466643,.00047776417,.00016989789,.000022474725,0,0,0,0,0,0,0,0,0,0,0,0,0,0,0
.24218898,.034479547,.0040800041,.00033035284,.000048068872,0,0,0,0,0,0,0,0,0,0,0,0,0,0,0,0,0,0,0
.82873863,.081938788,.0010434099,0,0,0,0,0,0,0,0,0,0,0,0,0,0,0,0,0,0,0,0,0
.66508371,.21087345,.038181789,.0068079033,.00092745508,.00014923283,.00002541297,0,0,0,0,0,0,0,0,0,0,0,0,0,0,0,0,0
.45427611,.096011899,.014595903,.0015158857,.00017396781,.000018413773,0,0,0,0,0,0,0,0,0,0,0,0,0,0,0,0,0,0
.79086041,.097000331,.0045676045,.00015823488,0,0,0,0,0,0,0,0,0,0,0,0,0,0,0,0,0,0,0,0
.45813793,.12099996,.023279613,.0040182741,.00058315962,.000089002344,.000020443249,0,0,0,0,0,0,0,0,0,0,0,0,0,0,0,0,0
.37241715,.065550908,.0092725484,.0010496366,.000091741102,.000021696518,0,0,0,0,0,0,0,0,0,0,0,0,0,0,0,0,0,0
.50519538,.09935452,.010424375,.0011544703,.00013196193,.000022822393,0,0,0,0,0,0,0,0,0,0,0,0,0,0,0,0,0,0
.67522889,.20970088,.041773312,.0070060682,.0009370388,.00012470408,.000016864409,0,0,0,0,0,0,0,0,0,0,0,0,0,0,0,0,0
.044847459,.0023875497,.00018914721,.00001309474,0,0,0,0,0,0,0,0,0,0,0,0,0,0,0,0,0,0,0,0
.17774461,.029531121,.0047292775,.00053998944,.000093545576,.000015792317,0,0,0,0,0,0,0,0,0,0,0,0,0,0,0,0,0,0
.59224725,.39947522,.022319993,.00094753853,.000047238718,0,0,0,0,0,0,0,0,0,0,0,0,0,0,0,0,0,0,0
.054448113,.002472213,.00010087275,0,0,0,0,0,0,0,0,0,0,0,0,0,0,0,0,0,0,0,0,0
.78840977,.15399134,.021508291,.0019683912,.0001935153,.000056915549,0,0,0,0,0,0,0,0,0,0,0,0,0,0,0,0,0,0
.55680668,.063671298,.0025221424,.00021937706,0,0,0,0,0,0,0,0,0,0,0,0,0,0,0,0,0,0,0,0
.5980432,.11446037,.0090886094,.00066764565,.000039911207,0,0,0,0,0,0,0,0,0,0,0,0,0,0,0,0,0,0,0
.51755786,.28607279,.12588796,.058212854,.019950446,.0076381443,.0023239283,.00090195809,.00029953412,.00012045238,.000043470551,.00002297384,0,0,0,0,0,0,0,0,0,0,0,0
.12339023,.015806993,.0027468191,.00021978247,.000039348699,0,0,0,0,0,0,0,0,0,0,0,0,0,0,0,0,0,0,0
.60090774,.74326241,.25336224,.065659441,.014380201,.0020353675,.00035133999,.000049397542,.000010886186,0,0,0,0,0,0,0,0,0,0,0,0,0,0,0
.56609559,.065960728,.0032137774,.00011748028,0,0,0,0,0,0,0,0,0,0,0,0,0,0,0,0,0,0,0,0
.5905512,.72670925,.22792676,.046406705,.0060271057,.00060295407,.000067011679,.000015105274,0,0,0,0,0,0,0,0,0,0,0,0,0,0,0,0
.14782134,.061381336,.021019241,.0072830743,.0028051264,.00098330295,.00028196967,.000091607624,.000036972931,.000011027984,0,0,0,0,0,0,0,0,0,0,0,0,0,0
.18905766,.85183156,.30109149,.033929452,.0023566235,.00017331814,.000015409956,0,0,0,0,0,0,0,0,0,0,0,0,0,0,0,0,0
.73216164,.2119794,.041108284,.0050154519,.00059792597,.00010124653,.000013310159,0,0,0,0,0,0,0,0,0,0,0,0,0,0,0,0,0
.25335678,.018556044,.00091591204,.0000583162,0,0,0,0,0,0,0,0,0,0,0,0,0,0,0,0,0,0,0,0
.30007833,.69762337,.73464096,.3170622,.1023106,.024550224,.0043031317,.0012178922,.00029467032,.000042729822,0,0,0,0,0,0,0,0,0,0,0,0,0,0
.53576767,.015212232,.0002923391,0,0,0,0,0,0,0,0,0,0,0,0,0,0,0,0,0,0,0,0,0
.82764572,.21312818,.01201706,.0003646749,.000024629118,0,0,0,0,0,0,0,0,0,0,0,0,0,0,0,0,0,0,0
.29696923,.66993678,.073579341,.0035486084,.00032209241,.000010871692,0,0,0,0,0,0,0,0,0,0,0,0,0,0,0,0,0,0
.22442085,.94367129,.1936188,.015197058,.00094234437,.000052153086,0,0,0,0,0,0,0,0,0,0,0,0,0,0,0,0,0,0
.81568211,.46467996,.096238367,.012326823,.0015523497,.00015000592,.000018735507,0,0,0,0,0,0,0,0,0,0,0,0,0,0,0,0,0
.7334643,.10460433,.0018262326,.000026097652,0,0,0,0,0,0,0,0,0,0,0,0,0,0,0,0,0,0,0,0
.23754933,.94430804,.32419145,.043948099,.0065933317,.00048236185,.000048719307,0,0,0,0,0,0,0,0,0,0,0,0,0,0,0,0,0
.25810421,.96961457,.26215854,.029827556,.0023305451,.000149591,.000011364799,0,0,0,0,0,0,0,0,0,0,0,0,0,0,0,0,0
.061988804,.01897084,.0057022963,.0014501669,.00040122494,.000099977362,.000027530592,.000010355581,0,0,0,0,0,0,0,0,0,0,0,0,0,0,0,0
.48422238,.71122354,.15687254,.022419635,.0025441318,.00021708271,.000028813436,0,0,0,0,0,0,0,0,0,0,0,0,0,0,0,0,0
.28858948,.013802175,.00039134492,.000015702544,0,0,0,0,0,0,0,0,0,0,0,0,0,0,0,0,0,0,0,0
.21768448,.01614677,.0013244924,.000073667572,0,0,0,0,0,0,0,0,0,0,0,0,0,0,0,0,0,0,0,0
.53552312,.14589332,.030362513,.0044665718,.00073255511,.00011530063,.000013433418,0,0,0,0,0,0,0,0,0,0,0,0,0,0,0,0,0
.26502046,.077700049,.00033169243,0,0,0,0,0,0,0,0,0,0,0,0,0,0,0,0,0,0,0,0,0
.079082675,.0039359317,.00028736179,.000029477384,0,0,0,0,0,0,0,0,0,0,0,0,0,0,0,0,0,0,0,0
.57152474,.01130697,.000055594985,0,0,0,0,0,0,0,0,0,0,0,0,0,0,0,0,0,0,0,0,0
.54003018,.92560273,.47845501,.15829031,.044178471,.0098696742,.0022956524,.00061159971,.0001378536,.000018668674,0,0,0,0,0,0,0,0,0,0,0,0,0,0
.49416441,.29949299,.0086948322,.00017182744,0,0,0,0,0,0,0,0,0,0,0,0,0,0,0,0,0,0,0,0
.14357223,.47855106,.96934718,.3976239,.11504705,.023805814,.0034200158,.00078952848,.000098696466,.000016770909,0,0,0,0,0,0,0,0,0,0,0,0,0,0
.61168867,.025585867,.00090259075,.000021012969,0,0,0,0,0,0,0,0,0,0,0,0,0,0,0,0,0,0,0,0
.59476089,.7650708,.28514588,.070273817,.013590449,.0026258409,.00041704194,.000063702784,0,0,0,0,0,0,0,0,0,0,0,0,0,0,0,0
.23763834,.022179179,.0019261106,.00010685234,0,0,0,0,0,0,0,0,0,0,0,0,0,0,0,0,0,0,0,0
.97022361,.064790845,.00091166416,.000015638709,0,0,0,0,0,0,0,0,0,0,0,0,0,0,0,0,0,0,0,0
.57368851,.25811613,.097005382,.030679097,.0094763376,.0024414517,.00069742562,.00016894707,.000041308198,.000013955441,0,0,0,0,0,0,0,0,0,0,0,0,0,0
.20076962,.01869802,.00078549108,.000053277821,0,0,0,0,0,0,0,0,0,0,0,0,0,0,0,0,0,0,0,0
.46589118,.19776274,.0024172978,.000040458915,0,0,0,0,0,0,0,0,0,0,0,0,0,0,0,0,0,0,0,0
.24344276,.94545847,.21864319,.021133188,.0017444015,.00015140852,0,0,0,0,0,0,0,0,0,0,0,0,0,0,0,0,0,0
.99852997,.23468928,.02563427,.0017261154,.00011781888,0,0,0,0,0,0,0,0,0,0,0,0,0,0,0,0,0,0,0
.46749902,.16058631,.040960934,.009227708,.0024388398,.00048498617,.000094842944,.000016990973,0,0,0,0,0,0,0,0,0,0,0,0,0,0,0,0
.71949583,.0029960184,0,0,0,0,0,0,0,0,0,0,0,0,0,0,0,0,0,0,0,0,0,0
.99221003,.21394746,.028738646,.0025734655,.00015928019,.0000138606,0,0,0,0,0,0,0,0,0,0,0,0,0,0,0,0,0,0
.14413065,.034043673,.007231235,.0011741162,.00031310983,.000050533159,0,0,0,0,0,0,0,0,0,0,0,0,0,0,0,0,0,0
.21698983,.010253144,.00028306042,.000017713684,0,0,0,0,0,0,0,0,0,0,0,0,0,0,0,0,0,0,0,0
.2060156,.015354105,.00111448,.000062899519,0,0,0,0,0,0,0,0,0,0,0,0,0,0,0,0,0,0,0,0
.10925364,.3606652,.8784796,.49703908,.15094309,.03228011,.0062288302,.00098248268,.00016147162,.000038209197,0,0,0,0,0,0,0,0,0,0,0,0,0,0
.54052418,.071805358,.00043191627,0,0,0,0,0,0,0,0,0,0,0,0,0,0,0,0,0,0,0,0,0
.80109859,.21280763,.011446462,.00047161509,.00002121081,0,0,0,0,0,0,0,0,0,0,0,0,0,0,0,0,0,0,0
.8214283,.39248496,.060828887,.0067679891,.00043198705,.000042104923,0,0,0,0,0,0,0,0,0,0,0,0,0,0,0,0,0,0
.72808778,.24887545,.01639385,.00065231277,.000029996838,0,0,0,0,0,0,0,0,0,0,0,0,0,0,0,0,0,0,0
.78884673,.2930682,.026041193,.0012221879,.00019355582,0,0,0,0,0,0,0,0,0,0,0,0,0,0,0,0,0,0,0
.81303811,.02083113,.000056587491,0,0,0,0,0,0,0,0,0,0,0,0,0,0,0,0,0,0,0,0,0
.48180142,.161476,.041545797,.0074718725,.0017665795,.00033462438,.000061394916,.000015378486,0,0,0,0,0,0,0,0,0,0,0,0,0,0,0,0
.90995032,.29894054,.044297449,.0059220674,.00084043294,.000057203379,.000011465805,0,0,0,0,0,0,0,0,0,0,0,0,0,0,0,0,0
.47278583,.29337388,.010809809,.00036023202,0,0,0,0,0,0,0,0,0,0,0,0,0,0,0,0,0,0,0,0
.81298757,.069460623,.0024879475,.0000555937,0,0,0,0,0,0,0,0,0,0,0,0,0,0,0,0,0,0,0,0
.40760231,.66164804,.10206424,.0072325314,.00071338838,.000046261433,0,0,0,0,0,0,0,0,0,0,0,0,0,0,0,0,0,0
.29481447,.030273078,.0014518965,.00010924556,0,0,0,0,0,0,0,0,0,0,0,0,0,0,0,0,0,0,0,0
.17938109,.53843135,.88551575,.37307709,.091122434,.022573987,.0040626926,.00060603092,.00010204386,.000020103969,0,0,0,0,0,0,0,0,0,0,0,0,0,0
.034418304,.15723628,.56429714,.79526603,.21237235,.059821807,.0064701587,.001203292,.0001696473,.000026190733,0,0,0,0,0,0,0,0,0,0,0,0,0,0
.26947832,.91427946,.15994072,.010102305,.00098194461,.000039812508,0,0,0,0,0,0,0,0,0,0,0,0,0,0,0,0,0,0
.078000657,.0065051289,.00033984543,.000031556385,0,0,0,0,0,0,0,0,0,0,0,0,0,0,0,0,0,0,0,0
.030651195,.0043535256,.0004343515,.000082149243,0,0,0,0,0,0,0,0,0,0,0,0,0,0,0,0,0,0,0,0
.85984093,.36377612,.058890015,.0057357624,.00067611871,.000059903756,0,0,0,0,0,0,0,0,0,0,0,0,0,0,0,0,0,0
.13192685,.99855578,.14476132,.0055120941,.00022251889,.000021095953,0,0,0,0,0,0,0,0,0,0,0,0,0,0,0,0,0,0
.12661716,.0090831695,.00051719416,.000017747319,0,0,0,0,0,0,0,0,0,0,0,0,0,0,0,0,0,0,0,0
.89724773,.11274666,.0057806349,.00017143473,0,0,0,0,0,0,0,0,0,0,0,0,0,0,0,0,0,0,0,0
.30110466,.02986398,.002161436,.00011246614,0,0,0,0,0,0,0,0,0,0,0,0,0,0,0,0,0,0,0,0
.99061203,.52587223,.22080322,.083585963,.025662115,.0057137916,.00155532,.00027002106,.000055467823,.000017087295,0,0,0,0,0,0,0,0,0,0,0,0,0,0
.35476965,.85650605,.22765742,.030646041,.0025591352,.00023083831,.000023643744,0,0,0,0,0,0,0,0,0,0,0,0,0,0,0,0,0
.80854696,.045115739,.00027424295,0,0,0,0,0,0,0,0,0,0,0,0,0,0,0,0,0,0,0,0,0
.528189,.11341682,.014329415,.0015225108,.00013080089,.000024108671,0,0,0,0,0,0,0,0,0,0,0,0,0,0,0,0,0,0
.74285114,.066440627,.0035659261,.00014556941,0,0,0,0,0,0,0,0,0,0,0,0,0,0,0,0,0,0,0,0
.95531875,.17826091,.010191183,.00045383748,.000011701683,0,0,0,0,0,0,0,0,0,0,0,0,0,0,0,0,0,0,0
.94918483,.1146778,.0048105605,.00011307808,0,0,0,0,0,0,0,0,0,0,0,0,0,0,0,0,0,0,0,0
.78161049,.32639173,.033709589,.0022189571,.0001188817,.000012880326,0,0,0,0,0,0,0,0,0,0,0,0,0,0,0,0,0,0
.5754779,.095262296,.0060307798,.000523836,.000033325345,0,0,0,0,0,0,0,0,0,0,0,0,0,0,0,0,0,0,0
.14301787,.009053383,.00045612699,.000028402865,0,0,0,0,0,0,0,0,0,0,0,0,0,0,0,0,0,0,0,0
.4966079,.15699735,.0029258614,.000034906261,0,0,0,0,0,0,0,0,0,0,0,0,0,0,0,0,0,0,0,0
.021291167,.0026696706,.00026357424,.000034791112,0,0,0,0,0,0,0,0,0,0,0,0,0,0,0,0,0,0,0,0
.60276914,.11113809,.011010043,.00069233245,.000053584812,0,0,0,0,0,0,0,0,0,0,0,0,0,0,0,0,0,0,0
.93101174,.14480457,.0098172538,.00047491072,.000021852731,0,0,0,0,0,0,0,0,0,0,0,0,0,0,0,0,0,0,0
.80082774,.53893328,.14371078,.029756458,.0053330362,.00070352474,.000075983065,.000014171067,0,0,0,0,0,0,0,0,0,0,0,0,0,0,0,0
.88551277,.099459708,.0031571956,.000079001562,0,0,0,0,0,0,0,0,0,0,0,0,0,0,0,0,0,0,0,0
.3026039,.3563613,.0080469847,.00011466328,0,0,0,0,0,0,0,0,0,0,0,0,0,0,0,0,0,0,0,0
.074684747,.0046788217,.00023781476,.00001987784,0,0,0,0,0,0,0,0,0,0,0,0,0,0,0,0,0,0,0,0
.06092523,.011747131,.002057808,.00035874906,.000063045321,.000013675648,0,0,0,0,0,0,0,0,0,0,0,0,0,0,0,0,0,0
.24190658,.97439539,.26075658,.04294553,.0034649442,.00031562732,.000048668509,0,0,0,0,0,0,0,0,0,0,0,0,0,0,0,0,0
.69672734,.29480949,.033404231,.0015465698,.000047210811,0,0,0,0,0,0,0,0,0,0,0,0,0,0,0,0,0,0,0
.80631477,.43164235,.065685727,.0066757384,.0006608105,.000044067627,0,0,0,0,0,0,0,0,0,0,0,0,0,0,0,0,0,0
.076244906,.8632403,.16203718,.0027998416,.000067909343,0,0,0,0,0,0,0,0,0,0,0,0,0,0,0,0,0,0,0
.89267892,.40085614,.086288743,.011864626,.001288427,.00015881572,.000020832063,0,0,0,0,0,0,0,0,0,0,0,0,0,0,0,0,0
.72048783,.14164665,.0030214791,.00010432503,0,0,0,0,0,0,0,0,0,0,0,0,0,0,0,0,0,0,0,0
.51308739,.062649786,.0024996083,.00016808796,0,0,0,0,0,0,0,0,0,0,0,0,0,0,0,0,0,0,0,0
.57946712,.41879079,.043216731,.0023731531,.00014277303,0,0,0,0,0,0,0,0,0,0,0,0,0,0,0,0,0,0,0
.42412093,.03708173,.0023457739,.000090296082,0,0,0,0,0,0,0,0,0,0,0,0,0,0,0,0,0,0,0,0
.30589303,.090110309,.024040205,.0052822409,.00088581681,.00019242879,.00005143556,.000016419544,0,0,0,0,0,0,0,0,0,0,0,0,0,0,0,0
.90959603,.23166397,.02570715,.0024897363,.00015023974,.0000190011,0,0,0,0,0,0,0,0,0,0,0,0,0,0,0,0,0,0
.87716693,.40293428,.14706463,.038493194,.0093738744,.0022490802,.00041094539,.00011990644,.000028415841,0,0,0,0,0,0,0,0,0,0,0,0,0,0,0
.81701714,.1637167,.021498708,.0011485656,.0001183355,.000014576546,0,0,0,0,0,0,0,0,0,0,0,0,0,0,0,0,0,0
.71482474,.024159744,.00022322987,0,0,0,0,0,0,0,0,0,0,0,0,0,0,0,0,0,0,0,0,0
.80095363,.26230747,.052345917,.0096125901,.00094818481,.0001234693,.000034883455,0,0,0,0,0,0,0,0,0,0,0,0,0,0,0,0,0
.12094975,.71845621,.040956635,.0010052182,0,0,0,0,0,0,0,0,0,0,0,0,0,0,0,0,0,0,0,0
.36049584,.070210747,.0082702888,.00086412078,.000104188,.000013250701,0,0,0,0,0,0,0,0,0,0,0,0,0,0,0,0,0,0
.63111007,.024936955,.00044308064,0,0,0,0,0,0,0,0,0,0,0,0,0,0,0,0,0,0,0,0,0
.21972321,.79881686,.099015512,.0038898396,.00020236603,.000012789178,0,0,0,0,0,0,0,0,0,0,0,0,0,0,0,0,0,0
.70020008,.60342818,.13715339,.022101602,.002771216,.00035044586,.000033534903,0,0,0,0,0,0,0,0,0,0,0,0,0,0,0,0,0
.59619349,.071832493,.0034350248,.00022539571,.000011097246,0,0,0,0,0,0,0,0,0,0,0,0,0,0,0,0,0,0,0
.79887444,.047801342,.0013233976,.000019115943,0,0,0,0,0,0,0,0,0,0,0,0,0,0,0,0,0,0,0,0
.45797467,.037173085,.0014063132,.000057834284,0,0,0,0,0,0,0,0,0,0,0,0,0,0,0,0,0,0,0,0
.12811457,.37042642,.85603338,.5587638,.21284954,.056874905,.011985451,.0023797818,.00036159813,.000082511251,.000014709402,0,0,0,0,0,0,0,0,0,0,0,0,0
.43405297,.29462719,.0090150889,.00018481514,0,0,0,0,0,0,0,0,0,0,0,0,0,0,0,0,0,0,0,0
.17275812,.0062809219,.00020713851,0,0,0,0,0,0,0,0,0,0,0,0,0,0,0,0,0,0,0,0,0
.52713203,.067835994,.0056698546,.00031493773,.000021635698,0,0,0,0,0,0,0,0,0,0,0,0,0,0,0,0,0,0,0
.54484504,.0019694681,0,0,0,0,0,0,0,0,0,0,0,0,0,0,0,0,0,0,0,0,0,0
.65972823,.34554982,.023954419,.0011240317,.000056744051,0,0,0,0,0,0,0,0,0,0,0,0,0,0,0,0,0,0,0
.76967925,.2397953,.045781743,.0085016815,.00086754269,.00011690324,.000018024301,0,0,0,0,0,0,0,0,0,0,0,0,0,0,0,0,0
.83380407,.056076862,.0012496574,.000021584285,0,0,0,0,0,0,0,0,0,0,0,0,0,0,0,0,0,0,0,0
.48438993,.064052083,.0052056652,.00034151977,.000030028159,0,0,0,0,0,0,0,0,0,0,0,0,0,0,0,0,0,0,0
.037765011,.00023658623,0,0,0,0,0,0,0,0,0,0,0,0,0,0,0,0,0,0,0,0,0,0
.35990775,.010692069,.00025340714,0,0,0,0,0,0,0,0,0,0,0,0,0,0,0,0,0,0,0,0,0
.46708915,.0048314887,.00002311028,0,0,0,0,0,0,0,0,0,0,0,0,0,0,0,0,0,0,0,0,0
.15161745,.021055935,.0023471576,.00025892624,.000028638291,0,0,0,0,0,0,0,0,0,0,0,0,0,0,0,0,0,0,0
.51168156,.1104771,.016025335,.002302442,.00022644407,.00003949759,0,0,0,0,0,0,0,0,0,0,0,0,0,0,0,0,0,0
.60044503,.035670269,.0014142486,.000043862521,0,0,0,0,0,0,0,0,0,0,0,0,0,0,0,0,0,0,0,0
.30334079,.89356267,.42044577,.10662166,.015073218,.0027348299,.00045655598,.000066401873,0,0,0,0,0,0,0,0,0,0,0,0,0,0,0,0
.23349653,.049068354,.0079416968,.0011411691,.00018738622,.000044497232,0,0,0,0,0,0,0,0,0,0,0,0,0,0,0,0,0,0
.95344424,.19313823,.014024007,.0009517374,.00005262476,0,0,0,0,0,0,0,0,0,0,0,0,0,0,0,0,0,0,0
.57175344,.35702914,.029135842,.0013939552,.000072923038,0,0,0,0,0,0,0,0,0,0,0,0,0,0,0,0,0,0,0
.25622284,.023466557,.0011428101,.000088811386,.000010423103,0,0,0,0,0,0,0,0,0,0,0,0,0,0,0,0,0,0,0
.44494313,.98486835,.45366296,.15081055,.029160501,.0067285229,.00084628654,.00010855962,.000034849858,0,0,0,0,0,0,0,0,0,0,0,0,0,0,0
.35919592,.86457348,.21464677,.033539485,.0029424618,.00039765547,.000029868925,0,0,0,0,0,0,0,0,0,0,0,0,0,0,0,0,0
.053461783,.014650943,.0038883877,.00070633355,.00019125006,.000055194567,.000018786803,0,0,0,0,0,0,0,0,0,0,0,0,0,0,0,0,0
.22509637,.0010209602,0,0,0,0,0,0,0,0,0,0,0,0,0,0,0,0,0,0,0,0,0,0
.0064480337,.0010884759,.00021326204,.000028960867,0,0,0,0,0,0,0,0,0,0,0,0,0,0,0,0,0,0,0,0
.16120335,.023195054,.0034683389,.00050035829,.000072275689,.000010155348,0,0,0,0,0,0,0,0,0,0,0,0,0,0,0,0,0,0
.52107298,.025203729,.00077564886,.000024313349,0,0,0,0,0,0,0,0,0,0,0,0,0,0,0,0,0,0,0,0
.75224453,.10703643,.0055180211,.00058805075,.000023143088,0,0,0,0,0,0,0,0,0,0,0,0,0,0,0,0,0,0,0
.4772734,.62981308,.092482656,.0089652902,.00070468482,.000067185094,0,0,0,0,0,0,0,0,0,0,0,0,0,0,0,0,0,0
.32938433,.0033682985,.000019178477,0,0,0,0,0,0,0,0,0,0,0,0,0,0,0,0,0,0,0,0,0
.067704029,.003051643,.000067312962,0,0,0,0,0,0,0,0,0,0,0,0,0,0,0,0,0,0,0,0,0
.1599316,.009489716,.00051441666,.000014152642,0,0,0,0,0,0,0,0,0,0,0,0,0,0,0,0,0,0,0,0
.63388294,.036446232,.00093853008,.000050788167,0,0,0,0,0,0,0,0,0,0,0,0,0,0,0,0,0,0,0,0
.72528678,.095438883,.0065880474,.00034366606,.000042016025,0,0,0,0,0,0,0,0,0,0,0,0,0,0,0,0,0,0,0
.99486226,.52849025,.21105671,.07721471,.020361526,.0062233279,.0015935639,.00043848861,.00011012001,.00002573134,.000011036253,0,0,0,0,0,0,0,0,0,0,0,0,0
.10375115,.0050408798,.00014468946,.000012126101,0,0,0,0,0,0,0,0,0,0,0,0,0,0,0,0,0,0,0,0
.29946518,.49401784,.021445295,.0002445658,.00001122412,0,0,0,0,0,0,0,0,0,0,0,0,0,0,0,0,0,0,0
.5092026,.086666673,.0080612889,.00067527895,.000072047667,0,0,0,0,0,0,0,0,0,0,0,0,0,0,0,0,0,0,0
.5416137,.18208048,.05621019,.011724418,.0023610755,.00040650766,.000081118123,.000014995937,0,0,0,0,0,0,0,0,0,0,0,0,0,0,0,0
.43328848,.027808217,.001026254,.000039283874,0,0,0,0,0,0,0,0,0,0,0,0,0,0,0,0,0,0,0,0
.65675962,.082086571,.0041856063,.00026688419,.000013222388,0,0,0,0,0,0,0,0,0,0,0,0,0,0,0,0,0,0,0
.22741209,.88138437,.12735748,.010808914,.00057232956,.000041567568,0,0,0,0,0,0,0,0,0,0,0,0,0,0,0,0,0,0
.30958322,.038980439,.003751202,.00042112614,.000026656533,0,0,0,0,0,0,0,0,0,0,0,0,0,0,0,0,0,0,0
.38840622,.015135583,.00026317517,.000012204597,0,0,0,0,0,0,0,0,0,0,0,0,0,0,0,0,0,0,0,0
.22393779,.0067965887,.00013841767,0,0,0,0,0,0,0,0,0,0,0,0,0,0,0,0,0,0,0,0,0
.53026217,.18095547,.047130737,.010126424,.0026674713,.0004964979,.00012059951,.000031594209,0,0,0,0,0,0,0,0,0,0,0,0,0,0,0,0
.43987828,.062324006,.0045613484,.00039718565,.000018573857,0,0,0,0,0,0,0,0,0,0,0,0,0,0,0,0,0,0,0
.50197065,.1244063,.00059383595,0,0,0,0,0,0,0,0,0,0,0,0,0,0,0,0,0,0,0,0,0
.82349902,.11357827,.0096663479,.00036472836,.000028117855,0,0,0,0,0,0,0,0,0,0,0,0,0,0,0,0,0,0,0
.5106982,.97276539,.42817903,.13669239,.034217842,.0069997609,.0015584845,.00024503094,.000069790425,.000011987837,0,0,0,0,0,0,0,0,0,0,0,0,0,0
.34465966,.98147506,.34330523,.064357847,.011499536,.00099048368,.00011471964,.000027871856,0,0,0,0,0,0,0,0,0,0,0,0,0,0,0,0
.33200261,.0068588136,.00012566915,0,0,0,0,0,0,0,0,0,0,0,0,0,0,0,0,0,0,0,0,0
.44065139,.41203985,.033736777,.00086392346,.000033905631,0,0,0,0,0,0,0,0,0,0,0,0,0,0,0,0,0,0,0
.1479339,.10556554,.00014187625,0,0,0,0,0,0,0,0,0,0,0,0,0,0,0,0,0,0,0,0,0
.86354733,.000099518154,0,0,0,0,0,0,0,0,0,0,0,0,0,0,0,0,0,0,0,0,0,0
.25229567,.064198159,.012748571,.0028236941,.00049844349,.000080429119,.000019463429,0,0,0,0,0,0,0,0,0,0,0,0,0,0,0,0,0
.31975806,.28270194,.0038883816,.000036388374,0,0,0,0,0,0,0,0,0,0,0,0,0,0,0,0,0,0,0,0
.91126364,.35643873,.083320126,.015949814,.0029883108,.00042403856,.00005599693,0,0,0,0,0,0,0,0,0,0,0,0,0,0,0,0,0
.92321008,.24652289,.031006614,.0029516667,.00036331455,.000027009968,0,0,0,0,0,0,0,0,0,0,0,0,0,0,0,0,0,0
.68822676,.25061503,.018166309,.00042110894,.000012535535,0,0,0,0,0,0,0,0,0,0,0,0,0,0,0,0,0,0,0
.49320585,.12483065,.019341134,.002536779,.00034519972,.000034457535,0,0,0,0,0,0,0,0,0,0,0,0,0,0,0,0,0,0
.3471427,.85518056,.57725167,.19660148,.046327565,.0076193651,.0017523266,.00024188567,.000036373836,0,0,0,0,0,0,0,0,0,0,0,0,0,0,0
.12343188,.011824318,.00063667039,.000044808628,0,0,0,0,0,0,0,0,0,0,0,0,0,0,0,0,0,0,0,0
.75500703,.24723487,.048543863,.0077417139,.0012927284,.00022247796,.000027298756,0,0,0,0,0,0,0,0,0,0,0,0,0,0,0,0,0
.99072832,.13990794,.0090456093,.00025910843,.000013119368,0,0,0,0,0,0,0,0,0,0,0,0,0,0,0,0,0,0,0
.28564218,.036587238,.0027159106,.00024794613,.00002220301,0,0,0,0,0,0,0,0,0,0,0,0,0,0,0,0,0,0,0
.57022101,.019225769,.00034736667,0,0,0,0,0,0,0,0,0,0,0,0,0,0,0,0,0,0,0,0,0
.55843294,.17744978,.032746889,.0059670368,.00094956945,.00011411559,.000032533029,0,0,0,0,0,0,0,0,0,0,0,0,0,0,0,0,0
.31194764,.0029710906,.000024109995,0,0,0,0,0,0,0,0,0,0,0,0,0,0,0,0,0,0,0,0,0
.7963683,.68162614,.27065575,.095589206,.020486163,.004869008,.00080975419,.00037640089,.000079651152,.000014276789,0,0,0,0,0,0,0,0,0,0,0,0,0,0
.51288795,.009793723,.000088034169,0,0,0,0,0,0,0,0,0,0,0,0,0,0,0,0,0,0,0,0,0
.77112436,.1022028,.0059485422,.00023236452,.000012697705,0,0,0,0,0,0,0,0,0,0,0,0,0,0,0,0,0,0,0
.61853337,.51846355,.07162527,.0055614808,.00046742102,.000025201798,0,0,0,0,0,0,0,0,0,0,0,0,0,0,0,0,0,0
.85172284,.10377827,.0045367088,.00016718426,.000010290313,0,0,0,0,0,0,0,0,0,0,0,0,0,0,0,0,0,0,0
.10602808,.011891436,.00095052063,.000089643348,0,0,0,0,0,0,0,0,0,0,0,0,0,0,0,0,0,0,0,0
.26450744,.01026112,.0001440519,0,0,0,0,0,0,0,0,0,0,0,0,0,0,0,0,0,0,0,0,0
.29870978,.51143527,.026941124,.00088599941,.000027048192,0,0,0,0,0,0,0,0,0,0,0,0,0,0,0,0,0,0,0
.52027768,.089597717,.0074729472,.00070854696,.000064441258,0,0,0,0,0,0,0,0,0,0,0,0,0,0,0,0,0,0,0
.66081834,.47771555,.093013614,.0058636866,.00074129016,.000056227796,0,0,0,0,0,0,0,0,0,0,0,0,0,0,0,0,0,0
.21325892,.026126666,.0026853234,.0002625534,.000020697216,0,0,0,0,0,0,0,0,0,0,0,0,0,0,0,0,0,0,0
.62031263,.20568265,.04835343,.0088165989,.0018172282,.00032999102,.000056681478,.000010571013,0,0,0,0,0,0,0,0,0,0,0,0,0,0,0,0
.20393471,.043055028,.0088880826,.0012758449,.00014756512,.00002458414,0,0,0,0,0,0,0,0,0,0,0,0,0,0,0,0,0,0
.058622669,.0036081658,.00017625213,.00001001431,0,0,0,0,0,0,0,0,0,0,0,0,0,0,0,0,0,0,0,0
.022007179,.0024112251,.00022575435,.000019111138,0,0,0,0,0,0,0,0,0,0,0,0,0,0,0,0,0,0,0,0
.9124043,.31659758,.07224796,.010270149,.0017233074,.0002469224,.000028128026,0,0,0,0,0,0,0,0,0,0,0,0,0,0,0,0,0
.069082737,.76074547,.24414966,.015040937,.00039443199,.000048034257,0,0,0,0,0,0,0,0,0,0,0,0,0,0,0,0,0,0
.57068759,.32591453,.02105329,.00076922303,.000021948146,0,0,0,0,0,0,0,0,0,0,0,0,0,0,0,0,0,0,0
.43161556,.10145103,.015130689,.0015614497,.00033253324,.000032676875,0,0,0,0,0,0,0,0,0,0,0,0,0,0,0,0,0,0
.80136877,.068992637,.002204845,.000069147573,0,0,0,0,0,0,0,0,0,0,0,0,0,0,0,0,0,0,0,0
.52878791,.058330171,.0025426408,.00013659177,0,0,0,0,0,0,0,0,0,0,0,0,0,0,0,0,0,0,0,0
.61950725,.04982784,.0019387313,.000085123138,0,0,0,0,0,0,0,0,0,0,0,0,0,0,0,0,0,0,0,0
.86614025,.22123539,.028866636,.0033867809,.00020396165,.000041257215,0,0,0,0,0,0,0,0,0,0,0,0,0,0,0,0,0,0
.31736872,.033790696,.0022863955,.00019409976,0,0,0,0,0,0,0,0,0,0,0,0,0,0,0,0,0,0,0,0
.070658632,.0055146171,.00023846907,.000013444028,0,0,0,0,0,0,0,0,0,0,0,0,0,0,0,0,0,0,0,0
.17153333,.96391636,.20784773,.017568503,.0012954281,.000087111141,0,0,0,0,0,0,0,0,0,0,0,0,0,0,0,0,0,0
.16605918,.009586527,.00028564036,.000010730137,0,0,0,0,0,0,0,0,0,0,0,0,0,0,0,0,0,0,0,0
.44336751,.070464045,.0073438198,.0007928033,.000086684755,.000013836619,0,0,0,0,0,0,0,0,0,0,0,0,0,0,0,0,0,0
.82150781,.080360942,.00086573092,0,0,0,0,0,0,0,0,0,0,0,0,0,0,0,0,0,0,0,0,0
.91564,.28702533,.058581792,.0080898302,.00097051245,.00010595085,.000016348733,0,0,0,0,0,0,0,0,0,0,0,0,0,0,0,0,0
.17547625,.5452705,.84063303,.39046547,.11038684,.019209461,.0041782744,.00067404937,.00013430882,.000034538501,0,0,0,0,0,0,0,0,0,0,0,0,0,0
.38010588,.020474898,.00098242133,.000037779751,0,0,0,0,0,0,0,0,0,0,0,0,0,0,0,0,0,0,0,0
.67011911,.041554473,.00013631959,0,0,0,0,0,0,0,0,0,0,0,0,0,0,0,0,0,0,0,0,0
.47156912,.42099699,.030832481,.0011208475,.000057115227,0,0,0,0,0,0,0,0,0,0,0,0,0,0,0,0,0,0,0
.78613645,.00067479495,0,0,0,0,0,0,0,0,0,0,0,0,0,0,0,0,0,0,0,0,0,0
.62331188,.087005995,.00078651076,.00002050842,0,0,0,0,0,0,0,0,0,0,0,0,0,0,0,0,0,0,0,0
.3042562,.028399982,.0019372718,.00007575682,0,0,0,0,0,0,0,0,0,0,0,0,0,0,0,0,0,0,0,0
.49707454,.019877449,.00038631566,.000012564471,0,0,0,0,0,0,0,0,0,0,0,0,0,0,0,0,0,0,0,0
.77554858,.14873287,.010929791,.00094461616,.000043385928,0,0,0,0,0,0,0,0,0,0,0,0,0,0,0,0,0,0,0
.13118495,.79538167,.2320265,.015485615,.00086078362,.000047483427,0,0,0,0,0,0,0,0,0,0,0,0,0,0,0,0,0,0
.23393095,.88727397,.14577881,.009543458,.00083326455,.000038489055,0,0,0,0,0,0,0,0,0,0,0,0,0,0,0,0,0,0
.74702674,.14492272,.0043631876,.000091497088,0,0,0,0,0,0,0,0,0,0,0,0,0,0,0,0,0,0,0,0
.65755534,.56194043,.14752735,.01959914,.0015877241,.00022407777,.000019253241,0,0,0,0,0,0,0,0,0,0,0,0,0,0,0,0,0
.71581304,.33654124,.027530259,.0014763954,.00012502095,0,0,0,0,0,0,0,0,0,0,0,0,0,0,0,0,0,0,0
.27568269,.028879937,.0018764063,.0001270959,0,0,0,0,0,0,0,0,0,0,0,0,0,0,0,0,0,0,0,0
.39248887,.053385269,.0030522479,.00019661864,.00001827742,0,0,0,0,0,0,0,0,0,0,0,0,0,0,0,0,0,0,0
.36756593,.77627844,.11899041,.010387254,.00061150413,.00003460822,0,0,0,0,0,0,0,0,0,0,0,0,0,0,0,0,0,0
.16331409,.033682279,.0059789573,.0006694661,.00017019676,.000019736342,0,0,0,0,0,0,0,0,0,0,0,0,0,0,0,0,0,0
.30694795,.65024418,.048395269,.0023275001,.000063762564,0,0,0,0,0,0,0,0,0,0,0,0,0,0,0,0,0,0,0
.97949028,.14292501,.0075604063,.00028214516,.000010659764,0,0,0,0,0,0,0,0,0,0,0,0,0,0,0,0,0,0,0
.46631819,.10000078,.015709462,.0020821751,.00025064161,.000032058684,0,0,0,0,0,0,0,0,0,0,0,0,0,0,0,0,0,0
.81328648,.3769111,.050357115,.0032073415,.0002018068,.00003399382,0,0,0,0,0,0,0,0,0,0,0,0,0,0,0,0,0,0
.14324521,.036153555,.0070023043,.0015422603,.00034348227,.000087309039,.000019179959,0,0,0,0,0,0,0,0,0,0,0,0,0,0,0,0,0
.54773271,.65470028,.14160526,.02207312,.0025003692,.00048493277,.00003587603,0,0,0,0,0,0,0,0,0,0,0,0,0,0,0,0,0
.22659159,.71831089,.65836596,.19260816,.039381102,.0057500275,.0008217587,.00012352805,.000015696311,0,0,0,0,0,0,0,0,0,0,0,0,0,0,0
.41784796,.10237536,.0006624707,0,0,0,0,0,0,0,0,0,0,0,0,0,0,0,0,0,0,0,0,0
.90328294,.085143089,.0014739091,.000038090206,0,0,0,0,0,0,0,0,0,0,0,0,0,0,0,0,0,0,0,0
.38648733,.61009204,.065799251,.0046003871,.00028876588,.00001572136,0,0,0,0,0,0,0,0,0,0,0,0,0,0,0,0,0,0
.1192162,.039628033,.012329867,.0032520592,.00090534287,.00020435106,.000073290161,.000014563691,0,0,0,0,0,0,0,0,0,0,0,0,0,0,0,0
.63719171,.18446162,.0049052294,.000099661076,0,0,0,0,0,0,0,0,0,0,0,0,0,0,0,0,0,0,0,0
.64656615,.062309455,.0025919583,.00015268692,0,0,0,0,0,0,0,0,0,0,0,0,0,0,0,0,0,0,0,0
.66148263,.0061385143,0,0,0,0,0,0,0,0,0,0,0,0,0,0,0,0,0,0,0,0,0,0
.23900464,.017505847,.00093019067,.000049909144,0,0,0,0,0,0,0,0,0,0,0,0,0,0,0,0,0,0,0,0
.17012145,.039947543,.0085968655,.001358851,.00024782398,.000062005412,.000013741596,0,0,0,0,0,0,0,0,0,0,0,0,0,0,0,0,0
.8500241,.3447392,.055136334,.0044715954,.00048251002,.000054745993,0,0,0,0,0,0,0,0,0,0,0,0,0,0,0,0,0,0
.90886819,.022286749,.0001788716,0,0,0,0,0,0,0,0,0,0,0,0,0,0,0,0,0,0,0,0,0
.96371931,.0057812636,0,0,0,0,0,0,0,0,0,0,0,0,0,0,0,0,0,0,0,0,0,0
.48218411,.066910848,.00020364084,0,0,0,0,0,0,0,0,0,0,0,0,0,0,0,0,0,0,0,0,0
.25820285,.0068361359,.000089464891,0,0,0,0,0,0,0,0,0,0,0,0,0,0,0,0,0,0,0,0,0
.57305086,.010074602,0,0,0,0,0,0,0,0,0,0,0,0,0,0,0,0,0,0,0,0,0,0
.76211262,.2182371,.028210985,.0033514996,.00038818829,.000064923428,0,0,0,0,0,0,0,0,0,0,0,0,0,0,0,0,0,0
.61983228,.047441263,.0013857863,.000039844901,0,0,0,0,0,0,0,0,0,0,0,0,0,0,0,0,0,0,0,0
.1137282,.027298488,.0042327931,.00084094144,.00011511608,.000028711265,0,0,0,0,0,0,0,0,0,0,0,0,0,0,0,0,0,0
.97096789,.0038905316,.00001504613,0,0,0,0,0,0,0,0,0,0,0,0,0,0,0,0,0,0,0,0,0
.58876479,.037361752,.0013545923,.000040159735,0,0,0,0,0,0,0,0,0,0,0,0,0,0,0,0,0,0,0,0
.37291953,.77903473,.17224833,.017892303,.0012501995,.00012771894,0,0,0,0,0,0,0,0,0,0,0,0,0,0,0,0,0,0
.12152412,.84029734,.21088849,.013930447,.00040461539,.00002511554,0,0,0,0,0,0,0,0,0,0,0,0,0,0,0,0,0,0
.088192612,.010692817,.0010947571,.000080613798,0,0,0,0,0,0,0,0,0,0,0,0,0,0,0,0,0,0,0,0
.97485501,.22073534,.025060089,.0013469009,.000078763231,0,0,0,0,0,0,0,0,0,0,0,0,0,0,0,0,0,0,0
.35040885,.8664549,.22798276,.025777033,.0026266675,.00026198596,.00002676276,0,0,0,0,0,0,0,0,0,0,0,0,0,0,0,0,0
.55762404,.16471598,.026825286,.0053058728,.00062063197,.00012224905,.000019994239,0,0,0,0,0,0,0,0,0,0,0,0,0,0,0,0,0
.118135,.016718877,.0018523508,.00013510084,.000034820539,0,0,0,0,0,0,0,0,0,0,0,0,0,0,0,0,0,0,0
.25380266,.09105517,.03006487,.0085670799,.0018538946,.00055794319,.00011648596,.000035760611,.000011220259,0,0,0,0,0,0,0,0,0,0,0,0,0,0,0
.51201457,.014031007,.00011995785,0,0,0,0,0,0,0,0,0,0,0,0,0,0,0,0,0,0,0,0,0
.42962825,.048043806,.003207321,.00024435876,.000017031221,0,0,0,0,0,0,0,0,0,0,0,0,0,0,0,0,0,0,0
.78385955,.004052666,0,0,0,0,0,0,0,0,0,0,0,0,0,0,0,0,0,0,0,0,0,0
.02530241,.0024610332,.00016529876,.000019727611,0,0,0,0,0,0,0,0,0,0,0,0,0,0,0,0,0,0,0,0
.75101054,.39733219,.059867274,.0046154116,.00069189077,.000034410197,0,0,0,0,0,0,0,0,0,0,0,0,0,0,0,0,0,0
.059994847,.012757009,.001735509,.00052313053,.000070102789,.000016535541,0,0,0,0,0,0,0,0,0,0,0,0,0,0,0,0,0,0
.7022782,.012260476,.000090313566,0,0,0,0,0,0,0,0,0,0,0,0,0,0,0,0,0,0,0,0,0
.57787412,.23226835,.0075999741,.00016286742,0,0,0,0,0,0,0,0,0,0,0,0,0,0,0,0,0,0,0,0
.37019518,.14407678,.00057304971,0,0,0,0,0,0,0,0,0,0,0,0,0,0,0,0,0,0,0,0,0
.6682151,.089051545,.00091523794,.000010860128,0,0,0,0,0,0,0,0,0,0,0,0,0,0,0,0,0,0,0,0
.3379519,.018109797,.00067258638,.000022431657,0,0,0,0,0,0,0,0,0,0,0,0,0,0,0,0,0,0,0,0
.2901817,.055043768,.0084706116,.0011756277,.00012303336,.00001843023,0,0,0,0,0,0,0,0,0,0,0,0,0,0,0,0,0,0
.98232687,.19500664,.017255904,.0010182298,.000059399797,0,0,0,0,0,0,0,0,0,0,0,0,0,0,0,0,0,0,0
.11482485,.0044999882,.00023440656,0,0,0,0,0,0,0,0,0,0,0,0,0,0,0,0,0,0,0,0,0
.011568471,.00026422666,.000011145579,0,0,0,0,0,0,0,0,0,0,0,0,0,0,0,0,0,0,0,0,0
.44161233,.39863312,.018196451,.0006473817,.000015346863,0,0,0,0,0,0,0,0,0,0,0,0,0,0,0,0,0,0,0
.26336884,.010725488,.00032283671,0,0,0,0,0,0,0,0,0,0,0,0,0,0,0,0,0,0,0,0,0
.50059944,.1109862,.017285991,.0020341661,.00033841137,.000050717881,0,0,0,0,0,0,0,0,0,0,0,0,0,0,0,0,0,0
.8149811,.13539815,.0066102757,.00033127418,.00002909692,0,0,0,0,0,0,0,0,0,0,0,0,0,0,0,0,0,0,0
.58242702,.92902929,.49091011,.2015187,.065705165,.017328819,.0054259188,.0010361164,.00025688138,.000074776202,.000011027932,0,0,0,0,0,0,0,0,0,0,0,0,0
.41375118,.01037909,.00011565023,0,0,0,0,0,0,0,0,0,0,0,0,0,0,0,0,0,0,0,0,0
.25655538,.0052499915,.000070490212,0,0,0,0,0,0,0,0,0,0,0,0,0,0,0,0,0,0,0,0,0
.64181465,.88940662,.44759083,.16822058,.047279522,.013743836,.0033079798,.00057364558,.00018253388,.000041770356,0,0,0,0,0,0,0,0,0,0,0,0,0,0
.077314682,.02201324,.0050788531,.0014619449,.00028456686,.000094200266,.000016656841,0,0,0,0,0,0,0,0,0,0,0,0,0,0,0,0,0
.31055897,.80484033,.16878349,.01705889,.0014399977,.000092294555,0,0,0,0,0,0,0,0,0,0,0,0,0,0,0,0,0,0
.85186595,.24903384,.028372392,.0017854851,.000067696783,0,0,0,0,0,0,0,0,0,0,0,0,0,0,0,0,0,0,0
.90919715,.54475737,.22008719,.054788999,.014813472,.0025663127,.00080432411,.00013731759,.000028409733,0,0,0,0,0,0,0,0,0,0,0,0,0,0,0
.4617098,.052660212,.0033055304,.00019792134,.000011004864,0,0,0,0,0,0,0,0,0,0,0,0,0,0,0,0,0,0,0
.77848285,.02814482,.00033648522,0,0,0,0,0,0,0,0,0,0,0,0,0,0,0,0,0,0,0,0,0
.87525725,.03910064,.00023710636,0,0,0,0,0,0,0,0,0,0,0,0,0,0,0,0,0,0,0,0,0
.76299208,.14500163,.014598915,.0009870549,.0000689761,0,0,0,0,0,0,0,0,0,0,0,0,0,0,0,0,0,0,0
.52896607,.10852441,.012135495,.001325747,.00016267935,.000021092806,0,0,0,0,0,0,0,0,0,0,0,0,0,0,0,0,0,0
.90687948,.09847448,.0031993284,.00010348656,0,0,0,0,0,0,0,0,0,0,0,0,0,0,0,0,0,0,0,0
.37350091,.27361426,.006261359,.000076129618,0,0,0,0,0,0,0,0,0,0,0,0,0,0,0,0,0,0,0,0
.068314247,.018690681,.0048134783,.0015236043,.00025105441,.000070835187,.000018227478,0,0,0,0,0,0,0,0,0,0,0,0,0,0,0,0,0
.55952311,.063873313,.0002897931,0,0,0,0,0,0,0,0,0,0,0,0,0,0,0,0,0,0,0,0,0
.32838693,.016377766,.00039705742,.000017406728,0,0,0,0,0,0,0,0,0,0,0,0,0,0,0,0,0,0,0,0
.52086478,.11909626,.017871186,.002602045,.00028112414,.000044860342,0,0,0,0,0,0,0,0,0,0,0,0,0,0,0,0,0,0
.22058463,.74021375,.073806375,.0030605916,.000040404801,0,0,0,0,0,0,0,0,0,0,0,0,0,0,0,0,0,0,0
.50823766,.0558042,.0026189208,.00011497982,0,0,0,0,0,0,0,0,0,0,0,0,0,0,0,0,0,0,0,0
.42893934,.88777983,.28827018,.060925499,.0089680832,.00094838825,.000091609698,0,0,0,0,0,0,0,0,0,0,0,0,0,0,0,0,0
.30419108,.36388749,.0052734958,.000080094942,0,0,0,0,0,0,0,0,0,0,0,0,0,0,0,0,0,0,0,0
.47277111,.017668189,.00032385314,0,0,0,0,0,0,0,0,0,0,0,0,0,0,0,0,0,0,0,0,0
.86936611,.60209346,.21061562,.06151991,.015442175,.0027455396,.00073577609,.000084427164,.000020615489,0,0,0,0,0,0,0,0,0,0,0,0,0,0,0
.090136126,.014927697,.0012896156,.00024380242,.000039192808,.000011156102,0,0,0,0,0,0,0,0,0,0,0,0,0,0,0,0,0,0
.95214188,.16639744,.0076330444,.00070253061,.000051754752,0,0,0,0,0,0,0,0,0,0,0,0,0,0,0,0,0,0,0
.79756337,.061987314,.001893798,.000072229319,0,0,0,0,0,0,0,0,0,0,0,0,0,0,0,0,0,0,0,0
.915609,.19360445,.015405246,.00066839828,.000021320304,0,0,0,0,0,0,0,0,0,0,0,0,0,0,0,0,0,0,0
.3453891,.12409331,.03175585,.0082257064,.0013661964,.00041882103,.00008059352,.000016274927,0,0,0,0,0,0,0,0,0,0,0,0,0,0,0,0
.91048729,.28968582,.052925721,.0061107459,.0008941472,.00013945541,.000017538694,0,0,0,0,0,0,0,0,0,0,0,0,0,0,0,0,0
.14401317,.045380153,.010565987,.0027564736,.00064011896,.00013197068,.000029786874,0,0,0,0,0,0,0,0,0,0,0,0,0,0,0,0,0
.76206654,.16302034,.01854247,.001681799,.000099262666,.000012216371,0,0,0,0,0,0,0,0,0,0,0,0,0,0,0,0,0,0
.69963789,.65613061,.20485258,.043347791,.0067006415,.00094972458,.00016462395,.000024426117,0,0,0,0,0,0,0,0,0,0,0,0,0,0,0,0
.77314121,.1305618,.010419311,.00069360272,.000027078344,0,0,0,0,0,0,0,0,0,0,0,0,0,0,0,0,0,0,0
.15540223,.85330141,.25235373,.022304665,.0013590399,.000091178677,0,0,0,0,0,0,0,0,0,0,0,0,0,0,0,0,0,0
.32382005,.53681284,.036174521,.00096956291,.000028727782,0,0,0,0,0,0,0,0,0,0,0,0,0,0,0,0,0,0,0
.91077977,.23485403,.031414427,.0041206521,.00050710153,.000041178471,0,0,0,0,0,0,0,0,0,0,0,0,0,0,0,0,0,0
.50085348,.48053855,.053636923,.0022394927,.00011454561,0,0,0,0,0,0,0,0,0,0,0,0,0,0,0,0,0,0,0
.49600729,.080250457,.0091034453,.00052897766,.000044707729,0,0,0,0,0,0,0,0,0,0,0,0,0,0,0,0,0,0,0
.41549602,.12137178,.024127601,.0047010598,.00091443019,.00012902373,.000025801804,0,0,0,0,0,0,0,0,0,0,0,0,0,0,0,0,0
.84880024,.29190636,.017785383,.0014380583,.000087582142,0,0,0,0,0,0,0,0,0,0,0,0,0,0,0,0,0,0,0
.88965505,.063092396,.0016038525,.000056253379,0,0,0,0,0,0,0,0,0,0,0,0,0,0,0,0,0,0,0,0
.85617554,.18371013,.0087899072,.00022636529,.000010155088,0,0,0,0,0,0,0,0,0,0,0,0,0,0,0,0,0,0,0
.7263242,.063958749,.0025457449,.000077200923,0,0,0,0,0,0,0,0,0,0,0,0,0,0,0,0,0,0,0,0
.78986877,.12060374,.0092453603,.00048963458,.000029025419,0,0,0,0,0,0,0,0,0,0,0,0,0,0,0,0,0,0,0
.16265644,.023735859,.0026366394,.00034261477,.000042416759,0,0,0,0,0,0,0,0,0,0,0,0,0,0,0,0,0,0,0
.19461194,.044022404,.0087383455,.0017545084,.00020192604,.000051026997,.000017781831,0,0,0,0,0,0,0,0,0,0,0,0,0,0,0,0,0
.90455079,.16356707,.011134964,.00081979868,.000028566144,0,0,0,0,0,0,0,0,0,0,0,0,0,0,0,0,0,0,0
.61417478,.058265809,.0046477076,.00019207952,0,0,0,0,0,0,0,0,0,0,0,0,0,0,0,0,0,0,0,0
.86107069,.41171131,.14790024,.04850081,.014163039,.0033750164,.00085736363,.00019451186,.000051457544,.000014646685,0,0,0,0,0,0,0,0,0,0,0,0,0,0
.66655046,.52631038,.10344844,.013913249,.0014825735,.00013827877,0,0,0,0,0,0,0,0,0,0,0,0,0,0,0,0,0,0
.60127532,.035231009,.00068225327,0,0,0,0,0,0,0,0,0,0,0,0,0,0,0,0,0,0,0,0,0
.33779743,.042020291,.0035727434,.00032676241,.000028908373,0,0,0,0,0,0,0,0,0,0,0,0,0,0,0,0,0,0,0
.26548749,.063504189,.0001780145,0,0,0,0,0,0,0,0,0,0,0,0,0,0,0,0,0,0,0,0,0
.11015977,.047681097,.018018812,.0067201392,.0021151102,.00086932379,.00036253492,.00010869822,.000045604869,.000019424537,0,0,0,0,0,0,0,0,0,0,0,0,0,0
.23833567,.65756309,.75933611,.27646303,.081949465,.014998441,.0029818544,.00043252012,.000089867426,.000013507671,0,0,0,0,0,0,0,0,0,0,0,0,0,0
.60349101,.44067779,.042280264,.0035789919,.00017455478,.000015811216,0,0,0,0,0,0,0,0,0,0,0,0,0,0,0,0,0,0
.97740328,.37279966,.088432439,.01370424,.0020521909,.00029172093,.00003517704,0,0,0,0,0,0,0,0,0,0,0,0,0,0,0,0,0
.64565462,.087934271,.0059085526,.00018938853,.000010729749,0,0,0,0,0,0,0,0,0,0,0,0,0,0,0,0,0,0,0
.66656464,.26376444,.016775912,.00060474395,.000024655423,0,0,0,0,0,0,0,0,0,0,0,0,0,0,0,0,0,0,0
.5399878,.21446218,.008104343,.00015912573,0,0,0,0,0,0,0,0,0,0,0,0,0,0,0,0,0,0,0,0
.48457655,.069318563,.0046683364,.00028086876,.000020116131,0,0,0,0,0,0,0,0,0,0,0,0,0,0,0,0,0,0,0
.75211698,.30956492,.034622379,.0017995142,.000085382708,0,0,0,0,0,0,0,0,0,0,0,0,0,0,0,0,0,0,0
.72060663,.72797465,.28582522,.089366764,.020986153,.0048638778,.0011169129,.00021511616,.00005041933,.000011260466,0,0,0,0,0,0,0,0,0,0,0,0,0,0
.074644409,.0034229099,.00010027057,0,0,0,0,0,0,0,0,0,0,0,0,0,0,0,0,0,0,0,0,0
.68621451,.16641214,.0046334621,.000096050273,0,0,0,0,0,0,0,0,0,0,0,0,0,0,0,0,0,0,0,0
.71833009,.22291179,.041862898,.0076902397,.0012729622,.00019435908,.000063703061,0,0,0,0,0,0,0,0,0,0,0,0,0,0,0,0,0
.70409995,.35244724,.029722119,.0018128485,.000095074494,0,0,0,0,0,0,0,0,0,0,0,0,0,0,0,0,0,0,0
.5593608,.27367085,.009015684,.00023094365,0,0,0,0,0,0,0,0,0,0,0,0,0,0,0,0,0,0,0,0
.24574798,.020759156,.0010754162,.000061579311,0,0,0,0,0,0,0,0,0,0,0,0,0,0,0,0,0,0,0,0
.19428624,.023531098,.0021899387,.00021404152,.000026786527,0,0,0,0,0,0,0,0,0,0,0,0,0,0,0,0,0,0,0
.18462269,.0015040885,.000017809214,0,0,0,0,0,0,0,0,0,0,0,0,0,0,0,0,0,0,0,0,0
.53686875,.7520296,.26767588,.048446558,.0055445307,.00084815983,.00010830144,.000017219976,0,0,0,0,0,0,0,0,0,0,0,0,0,0,0,0
.40492544,.79318488,.17684855,.023063958,.0017115135,.0002143762,.000017576902,0,0,0,0,0,0,0,0,0,0,0,0,0,0,0,0,0
.38715038,.0050158738,.000033539225,0,0,0,0,0,0,0,0,0,0,0,0,0,0,0,0,0,0,0,0,0
.39949372,.047141783,.0022492851,.00021902082,.000018412289,0,0,0,0,0,0,0,0,0,0,0,0,0,0,0,0,0,0,0
.98965919,.042427905,.00048348773,0,0,0,0,0,0,0,0,0,0,0,0,0,0,0,0,0,0,0,0,0
.090374477,.508757,.71007442,.1680878,.017543402,.0017190701,.00013533325,0,0,0,0,0,0,0,0,0,0,0,0,0,0,0,0,0
.85362571,.31504428,.087223433,.013339482,.0024471073,.00038886192,.000076058466,0,0,0,0,0,0,0,0,0,0,0,0,0,0,0,0,0
.94900608,.13144444,.0064462684,.00027503565,.000028445225,0,0,0,0,0,0,0,0,0,0,0,0,0,0,0,0,0,0,0
.62183493,.0066725016,.000026243864,0,0,0,0,0,0,0,0,0,0,0,0,0,0,0,0,0,0,0,0,0
.11608696,.015627306,.0015796094,.00019854594,.000018922945,0,0,0,0,0,0,0,0,0,0,0,0,0,0,0,0,0,0,0
.15399882,.011805774,.00095719419,.000098446413,0,0,0,0,0,0,0,0,0,0,0,0,0,0,0,0,0,0,0,0
.63924128,.63790143,.18053152,.038546745,.0044007828,.00067842717,.000065524182,0,0,0,0,0,0,0,0,0,0,0,0,0,0,0,0,0
.18294156,.95947611,.14313658,.0098786438,.00055204792,.000034088,0,0,0,0,0,0,0,0,0,0,0,0,0,0,0,0,0,0
.11754788,.0078362478,.000610666,.000037148864,0,0,0,0,0,0,0,0,0,0,0,0,0,0,0,0,0,0,0,0
.98310822,.34965909,.058864817,.0083954073,.00077896909,.00014827606,.000016000155,0,0,0,0,0,0,0,0,0,0,0,0,0,0,0,0,0
.88341135,.027793482,.00028060126,0,0,0,0,0,0,0,0,0,0,0,0,0,0,0,0,0,0,0,0,0
.25338176,.044248842,.0051282458,.00064241281,.00007358109,0,0,0,0,0,0,0,0,0,0,0,0,0,0,0,0,0,0,0
.42391738,.039452154,.0024355645,.00019017728,.000017371132,0,0,0,0,0,0,0,0,0,0,0,0,0,0,0,0,0,0,0
.50883579,.037018146,.00076685695,.000024782896,0,0,0,0,0,0,0,0,0,0,0,0,0,0,0,0,0,0,0,0
.63782692,.01283945,.000097257951,0,0,0,0,0,0,0,0,0,0,0,0,0,0,0,0,0,0,0,0,0
.75561452,.26586252,.05836026,.011030504,.0015007135,.000215105,.000042830321,0,0,0,0,0,0,0,0,0,0,0,0,0,0,0,0,0
.5999108,.035384905,.00076169678,.000012580957,0,0,0,0,0,0,0,0,0,0,0,0,0,0,0,0,0,0,0,0
.81865364,.18744813,.029520601,.0030170153,.00028161242,.000028378443,0,0,0,0,0,0,0,0,0,0,0,0,0,0,0,0,0,0
.078569129,.47109336,.75635755,.16775256,.022841655,.0018053702,.00013838109,.000014410501,0,0,0,0,0,0,0,0,0,0,0,0,0,0,0,0
.18887579,.019830432,.0020888518,.00019367824,.000014705346,0,0,0,0,0,0,0,0,0,0,0,0,0,0,0,0,0,0,0
.49118033,.0046939282,.00003002708,0,0,0,0,0,0,0,0,0,0,0,0,0,0,0,0,0,0,0,0,0
.89305794,.14212835,.01128853,.00073429069,.000039423281,0,0,0,0,0,0,0,0,0,0,0,0,0,0,0,0,0,0,0
.68075299,.18988036,.0051000784,.000078850135,0,0,0,0,0,0,0,0,0,0,0,0,0,0,0,0,0,0,0,0
.36714351,.02356624,.00079191616,.000014047791,0,0,0,0,0,0,0,0,0,0,0,0,0,0,0,0,0,0,0,0
.33904362,.91749489,.30796862,.034527652,.0034760938,.00042954896,.000030632276,0,0,0,0,0,0,0,0,0,0,0,0,0,0,0,0,0
.240091,.26399016,.0031499213,.000041476273,0,0,0,0,0,0,0,0,0,0,0,0,0,0,0,0,0,0,0,0
.56902319,.077984385,.0042816061,.00025855622,.000017805327,0,0,0,0,0,0,0,0,0,0,0,0,0,0,0,0,0,0,0
.54728138,.011434089,.00009789801,0,0,0,0,0,0,0,0,0,0,0,0,0,0,0,0,0,0,0,0,0
.48993385,.015145501,.00027929942,0,0,0,0,0,0,0,0,0,0,0,0,0,0,0,0,0,0,0,0,0
.15824938,.87416381,.33571112,.039360642,.0035865535,.00028117513,.000017103292,0,0,0,0,0,0,0,0,0,0,0,0,0,0,0,0,0
.79898083,.016190227,.000077078104,0,0,0,0,0,0,0,0,0,0,0,0,0,0,0,0,0,0,0,0,0
.98915142,.016018232,.0001001715,0,0,0,0,0,0,0,0,0,0,0,0,0,0,0,0,0,0,0,0,0
.5288471,.00049908779,0,0,0,0,0,0,0,0,0,0,0,0,0,0,0,0,0,0,0,0,0,0
.4054684,.82348704,.1847686,.021637158,.0016723558,.00011288178,0,0,0,0,0,0,0,0,0,0,0,0,0,0,0,0,0,0
.6325947,.39213738,.039157942,.0019661342,.00012028894,0,0,0,0,0,0,0,0,0,0,0,0,0,0,0,0,0,0,0
.13749357,.0051736794,.00014663456,0,0,0,0,0,0,0,0,0,0,0,0,0,0,0,0,0,0,0,0,0
.63407707,.020255195,.00023607776,0,0,0,0,0,0,0,0,0,0,0,0,0,0,0,0,0,0,0,0,0
.9390747,.045095656,.00054254773,0,0,0,0,0,0,0,0,0,0,0,0,0,0,0,0,0,0,0,0,0
.18963857,.053972032,.012868918,.0024719946,.00059602462,.00012120158,.000022199099,0,0,0,0,0,0,0,0,0,0,0,0,0,0,0,0,0
.086038761,.663028,.015173141,.00015165235,0,0,0,0,0,0,0,0,0,0,0,0,0,0,0,0,0,0,0,0
.8351267,.05535892,.00051793596,.000012089354,0,0,0,0,0,0,0,0,0,0,0,0,0,0,0,0,0,0,0,0
.58188725,.006608163,.000036803332,0,0,0,0,0,0,0,0,0,0,0,0,0,0,0,0,0,0,0,0,0
.96865487,.42578116,.11340673,.024412546,.0041315956,.00049005036,.00011839745,.000014957917,0,0,0,0,0,0,0,0,0,0,0,0,0,0,0,0
.22352909,.027383192,.0023357519,.00029646125,.00002341431,0,0,0,0,0,0,0,0,0,0,0,0,0,0,0,0,0,0,0
.69510764,.051328085,.0012881192,.000035476725,0,0,0,0,0,0,0,0,0,0,0,0,0,0,0,0,0,0,0,0
.77863997,.35962623,.04941722,.0075614471,.00038074327,.00003504529,0,0,0,0,0,0,0,0,0,0,0,0,0,0,0,0,0,0
.41418785,.1311771,.029928161,.0063316864,.00135266,.00020840415,.000041818301,.000012437441,0,0,0,0,0,0,0,0,0,0,0,0,0,0,0,0
.75940168,.45691451,.078349873,.009523741,.0009919994,.00011382555,0,0,0,0,0,0,0,0,0,0,0,0,0,0,0,0,0,0
.37963355,.38025185,.013714197,.00041817123,0,0,0,0,0,0,0,0,0,0,0,0,0,0,0,0,0,0,0,0
.63061053,.24784234,.084599793,.019368356,.0045575383,.0010505137,.00023863233,.000047093734,.000012439383,0,0,0,0,0,0,0,0,0,0,0,0,0,0,0
.45608884,.16549334,.048232011,.013606036,.0028511924,.0007129485,.0001548911,.000027859483,0,0,0,0,0,0,0,0,0,0,0,0,0,0,0,0
.56604916,.040954355,.0013124446,.000049321599,0,0,0,0,0,0,0,0,0,0,0,0,0,0,0,0,0,0,0,0
.75109941,.16400936,.021322958,.0013396535,.00018630092,0,0,0,0,0,0,0,0,0,0,0,0,0,0,0,0,0,0,0
.17986664,.039694548,.0073340675,.001165368,.00022082016,.000043646796,.000010165889,0,0,0,0,0,0,0,0,0,0,0,0,0,0,0,0,0
.38648841,.68024307,.085208207,.0062970971,.00037378061,.000015073406,0,0,0,0,0,0,0,0,0,0,0,0,0,0,0,0,0,0
.6017974,.11657932,.011193741,.00092189963,.000081903934,0,0,0,0,0,0,0,0,0,0,0,0,0,0,0,0,0,0,0
.98049033,.25782874,.035350945,.002739873,.00021433973,.000019429621,0,0,0,0,0,0,0,0,0,0,0,0,0,0,0,0,0,0
.40399435,.46693817,.029203245,.00084595504,.000013419148,0,0,0,0,0,0,0,0,0,0,0,0,0,0,0,0,0,0,0
.31022575,.91966861,.42174241,.092064135,.016172344,.0018716193,.00034738297,.000064930529,0,0,0,0,0,0,0,0,0,0,0,0,0,0,0,0
.20564222,.055049449,.011824524,.0018561974,.00050822599,.000073699593,.000023352666,0,0,0,0,0,0,0,0,0,0,0,0,0,0,0,0,0
.045401361,.0021649178,.00016523991,0,0,0,0,0,0,0,0,0,0,0,0,0,0,0,0,0,0,0,0,0
.29489857,.059119571,.0096982606,.0011523614,.00010730588,.000018661523,0,0,0,0,0,0,0,0,0,0,0,0,0,0,0,0,0,0
.90068084,.10632458,.0064638057,.00035759338,.000042175438,0,0,0,0,0,0,0,0,0,0,0,0,0,0,0,0,0,0,0
.2174214,.83153838,.31887308,.059416786,.0066874828,.00060756382,.00010959396,.000015010692,0,0,0,0,0,0,0,0,0,0,0,0,0,0,0,0
.28386837,.01620112,.00054680428,.000025284993,0,0,0,0,0,0,0,0,0,0,0,0,0,0,0,0,0,0,0,0
.26640081,.91186559,.32858294,.053520974,.0050595803,.00045321617,.000036981601,0,0,0,0,0,0,0,0,0,0,0,0,0,0,0,0,0
.41684517,.14481528,.039224189,.008103041,.001582671,.0003521083,.000082176419,.000016343874,0,0,0,0,0,0,0,0,0,0,0,0,0,0,0,0
.18800172,.0022550691,.000014864362,0,0,0,0,0,0,0,0,0,0,0,0,0,0,0,0,0,0,0,0,0
.58131909,.27181873,.0088724587,.00034120912,.000010860348,0,0,0,0,0,0,0,0,0,0,0,0,0,0,0,0,0,0,0
.32153991,.088752933,.015862491,.0026765547,.00050385832,.00011888776,.000011020515,0,0,0,0,0,0,0,0,0,0,0,0,0,0,0,0,0
.64746302,.81128609,.36390805,.13393033,.037577275,.0074879839,.0016502847,.00024867555,.000052627474,.000010438079,0,0,0,0,0,0,0,0,0,0,0,0,0,0
.31798378,.017961791,.00077094953,.000045431061,0,0,0,0,0,0,0,0,0,0,0,0,0,0,0,0,0,0,0,0
.98580635,.061235286,.0012746751,.00001221714,0,0,0,0,0,0,0,0,0,0,0,0,0,0,0,0,0,0,0,0
.35834435,.041701522,.0025622621,.00018942991,.000012260733,0,0,0,0,0,0,0,0,0,0,0,0,0,0,0,0,0,0,0
.0412612,.0046244664,.00026037637,.000046318193,0,0,0,0,0,0,0,0,0,0,0,0,0,0,0,0,0,0,0,0
.055408534,.32867655,.89985609,.23625697,.035969395,.0031100409,.00020696854,.000030854233,0,0,0,0,0,0,0,0,0,0,0,0,0,0,0,0
.08636003,.002593057,.000047845748,0,0,0,0,0,0,0,0,0,0,0,0,0,0,0,0,0,0,0,0,0
.10781363,.022515245,.0041872673,.00070063403,.00010185877,.0000196165,0,0,0,0,0,0,0,0,0,0,0,0,0,0,0,0,0,0
.30157971,.95772552,.29580879,.039728057,.0032423178,.00025101818,.000035455345,0,0,0,0,0,0,0,0,0,0,0,0,0,0,0,0,0
.80369127,.25002542,.048229486,.0067464723,.00076595048,.000088012064,.00001569185,0,0,0,0,0,0,0,0,0,0,0,0,0,0,0,0,0
.66389501,.078016981,.0066530905,.00035375907,.000022027716,0,0,0,0,0,0,0,0,0,0,0,0,0,0,0,0,0,0,0
.58224255,.098947696,.0084792292,.0009138626,.000054883025,0,0,0,0,0,0,0,0,0,0,0,0,0,0,0,0,0,0,0
.2625384,.60591477,.91137975,.45136276,.17317775,.051310394,.012438411,.0040753065,.0013070003,.00018431533,.000062191932,.000017639539,0,0,0,0,0,0,0,0,0,0,0,0
.79636139,.8210783,.50063443,.25096491,.10916799,.038073994,.014118022,.0056229196,.0023693414,.00053169276,.0001917395,.000070021408,.000021495076,0,0,0,0,0,0,0,0,0,0,0
.33075494,.049728468,.0051134927,.00036794992,.00003746543,0,0,0,0,0,0,0,0,0,0,0,0,0,0,0,0,0,0,0
.94510639,.3782464,.10280717,.019449459,.0042506414,.0006454658,.00011359306,.000018654506,0,0,0,0,0,0,0,0,0,0,0,0,0,0,0,0
.85884875,.0085326182,.000019078529,0,0,0,0,0,0,0,0,0,0,0,0,0,0,0,0,0,0,0,0,0
.41959971,.13238646,.031864919,.0053997724,.0013067017,.00018828214,.000037283229,0,0,0,0,0,0,0,0,0,0,0,0,0,0,0,0,0
.0075419811,.00038321179,.000021449185,0,0,0,0,0,0,0,0,0,0,0,0,0,0,0,0,0,0,0,0,0
.31521374,.86284643,.47389898,.12720238,.023503754,.0039659417,.00063635653,.000064576518,.000014826918,0,0,0,0,0,0,0,0,0,0,0,0,0,0,0
.1871579,.85508269,.091603294,.0031303328,.00014018826,0,0,0,0,0,0,0,0,0,0,0,0,0,0,0,0,0,0,0
.11812772,.010480813,.0008143654,.000071043527,0,0,0,0,0,0,0,0,0,0,0,0,0,0,0,0,0,0,0,0
.5634473,.62525529,.15168844,.021218373,.0016614241,.00030620844,.000023666435,0,0,0,0,0,0,0,0,0,0,0,0,0,0,0,0,0
.82962155,.56912547,.185718,.039995354,.0082872408,.0010279019,.0003313167,.000034403816,0,0,0,0,0,0,0,0,0,0,0,0,0,0,0,0
.92267269,.20350853,.012538962,.00059860258,.000023461878,0,0,0,0,0,0,0,0,0,0,0,0,0,0,0,0,0,0,0
.86580092,.16789721,.018080067,.0010549905,.000091083755,0,0,0,0,0,0,0,0,0,0,0,0,0,0,0,0,0,0,0
.23497856,.8750757,.34616682,.0477577,.0041447356,.00049301033,.000036698875,0,0,0,0,0,0,0,0,0,0,0,0,0,0,0,0,0
.45978636,.066633001,.006391413,.00043784961,.000059886948,0,0,0,0,0,0,0,0,0,0,0,0,0,0,0,0,0,0,0
.79723299,.023582412,.0002596945,0,0,0,0,0,0,0,0,0,0,0,0,0,0,0,0,0,0,0,0,0
.45464933,.049583886,.0029385821,.00029607979,.00001680453,0,0,0,0,0,0,0,0,0,0,0,0,0,0,0,0,0,0,0
.87943089,.51725501,.15310305,.032974999,.0061114356,.00076436065,.00014723142,.000018670895,0,0,0,0,0,0,0,0,0,0,0,0,0,0,0,0
.41505432,.066862173,.0085406629,.00074102922,.00013521012,0,0,0,0,0,0,0,0,0,0,0,0,0,0,0,0,0,0,0
.90956491,.57690692,.20734981,.052318938,.014155083,.0022497796,.0004804839,.000065716376,.000036413017,0,0,0,0,0,0,0,0,0,0,0,0,0,0,0
.26063877,.015666215,.00076095556,.000022087574,0,0,0,0,0,0,0,0,0,0,0,0,0,0,0,0,0,0,0,0
.68254769,.081433833,.0061041731,.00035119607,.000026996624,0,0,0,0,0,0,0,0,0,0,0,0,0,0,0,0,0,0,0
.562518,.16814117,.037136536,.0067703025,.0010379489,.00019748723,.000022681224,0,0,0,0,0,0,0,0,0,0,0,0,0,0,0,0,0
.98301274,.20067608,.012576126,.00064049335,.000029497029,0,0,0,0,0,0,0,0,0,0,0,0,0,0,0,0,0,0,0
.058249112,.18452357,.48412788,.91823965,.53094471,.20360531,.073217347,.01547573,.0040728948,.00096223957,.00018707302,.000061005816,0,0,0,0,0,0,0,0,0,0,0,0
.3009055,.933191,.37863076,.068620645,.009183039,.0010877595,.00015608093,.000025540487,0,0,0,0,0,0,0,0,0,0,0,0,0,0,0,0
.32516944,.084027022,.013277221,.0014595005,.00017285901,.000028557646,0,0,0,0,0,0,0,0,0,0,0,0,0,0,0,0,0,0
.36039287,.96036983,.43086246,.093815431,.016230311,.0023008147,.00033745624,.000069410256,.000014342671,0,0,0,0,0,0,0,0,0,0,0,0,0,0,0
.94777513,.23044591,.021843705,.0019408136,.00018112636,.000017512299,0,0,0,0,0,0,0,0,0,0,0,0,0,0,0,0,0,0
.090872131,.0035171041,.00015915127,0,0,0,0,0,0,0,0,0,0,0,0,0,0,0,0,0,0,0,0,0
.23603712,.8675366,.39068449,.052323088,.0071608825,.00078616722,.00011029358,.000012263185,0,0,0,0,0,0,0,0,0,0,0,0,0,0,0,0
.96618724,.044389609,.00044340451,0,0,0,0,0,0,0,0,0,0,0,0,0,0,0,0,0,0,0,0,0
.57794499,.038732298,.0021340577,.000084466221,0,0,0,0,0,0,0,0,0,0,0,0,0,0,0,0,0,0,0,0
.49926019,.12180673,.017850885,.0023550394,.00038195105,.00005197306,0,0,0,0,0,0,0,0,0,0,0,0,0,0,0,0,0,0
.75854301,.037125073,.00090198807,.000045745805,0,0,0,0,0,0,0,0,0,0,0,0,0,0,0,0,0,0,0,0
.41088882,.17453906,.0024675878,.000033944361,0,0,0,0,0,0,0,0,0,0,0,0,0,0,0,0,0,0,0,0
.23865749,.012228028,.00043543728,.000041410756,0,0,0,0,0,0,0,0,0,0,0,0,0,0,0,0,0,0,0,0
.89093894,.005790852,.000013801871,0,0,0,0,0,0,0,0,0,0,0,0,0,0,0,0,0,0,0,0,0
.93460345,.088560767,.0028734545,.00010027457,0,0,0,0,0,0,0,0,0,0,0,0,0,0,0,0,0,0,0,0
.1371168,.040087372,.01112572,.0026174334,.00058118853,.00013235677,.000027335867,0,0,0,0,0,0,0,0,0,0,0,0,0,0,0,0,0
.93373662,.14024277,.007119548,.00029729013,.000012469667,0,0,0,0,0,0,0,0,0,0,0,0,0,0,0,0,0,0,0
.46324226,.03869028,.0001899902,0,0,0,0,0,0,0,0,0,0,0,0,0,0,0,0,0,0,0,0,0
.20508648,.051601581,.010279543,.0016505109,.00027198376,.000059765651,.000013149465,0,0,0,0,0,0,0,0,0,0,0,0,0,0,0,0,0
.29663581,.083892517,.0001941472,0,0,0,0,0,0,0,0,0,0,0,0,0,0,0,0,0,0,0,0,0
.3525005,.041950453,.0033709812,.00032563147,.000021253034,0,0,0,0,0,0,0,0,0,0,0,0,0,0,0,0,0,0,0
.69440109,.60120982,.17274053,.025509939,.004283932,.00046139682,.000039168684,0,0,0,0,0,0,0,0,0,0,0,0,0,0,0,0,0
.66043752,.61729342,.14450866,.021706125,.0028846913,.00027811204,.000035613895,0,0,0,0,0,0,0,0,0,0,0,0,0,0,0,0,0
.17113364,.041009203,.0088739488,.0016451199,.00039955191,.000059650512,0,0,0,0,0,0,0,0,0,0,0,0,0,0,0,0,0,0
.18322058,.55822277,.90665275,.34779003,.11055128,.026349956,.006094432,.0019347162,.00054903619,.000099320168,.000038120575,.000017674616,0,0,0,0,0,0,0,0,0,0,0,0
.07477431,.0047821151,.00017103448,0,0,0,0,0,0,0,0,0,0,0,0,0,0,0,0,0,0,0,0,0
.40511671,.95697701,.45101792,.14618094,.035339419,.0045960811,.00075975474,.00013814532,.000020954873,0,0,0,0,0,0,0,0,0,0,0,0,0,0,0
.96463507,.10672931,.0033094713,.00014503465,0,0,0,0,0,0,0,0,0,0,0,0,0,0,0,0,0,0,0,0
.43681139,.0056060515,.000075243261,0,0,0,0,0,0,0,0,0,0,0,0,0,0,0,0,0,0,0,0,0
.23021333,.034553397,.0045815343,.00051868713,.00004915813,0,0,0,0,0,0,0,0,0,0,0,0,0,0,0,0,0,0,0
.40088809,.91355669,.31890133,.060163073,.0099285096,.0011968672,.00016905846,.00001819365,0,0,0,0,0,0,0,0,0,0,0,0,0,0,0,0
.65319389,.019312015,.00026843022,0,0,0,0,0,0,0,0,0,0,0,0,0,0,0,0,0,0,0,0,0
.62412667,.46833721,.071413033,.005471135,.00037349443,.00003375308,0,0,0,0,0,0,0,0,0,0,0,0,0,0,0,0,0,0
.53415966,.048535019,.0022704324,.00009265593,0,0,0,0,0,0,0,0,0,0,0,0,0,0,0,0,0,0,0,0
.24473296,.83570862,.49937281,.11214927,.013998126,.0022334235,.0002473768,.000037381167,0,0,0,0,0,0,0,0,0,0,0,0,0,0,0,0
.12888239,.0050103483,.00023181862,0,0,0,0,0,0,0,0,0,0,0,0,0,0,0,0,0,0,0,0,0
.9264878,.25496024,.044703253,.004221336,.00033175122,.00004572242,0,0,0,0,0,0,0,0,0,0,0,0,0,0,0,0,0,0
.67754281,.0015257905,0,0,0,0,0,0,0,0,0,0,0,0,0,0,0,0,0,0,0,0,0,0
.63686502,.097566687,.0077300332,.00050036248,.000045078261,0,0,0,0,0,0,0,0,0,0,0,0,0,0,0,0,0,0,0
.85505092,.25072834,.044289757,.0045452737,.00053732033,.000062625993,.000012210798,0,0,0,0,0,0,0,0,0,0,0,0,0,0,0,0,0
.94172698,.15700752,.0090773385,.00046015339,.00002309937,0,0,0,0,0,0,0,0,0,0,0,0,0,0,0,0,0,0,0
.099015199,.0095332684,.00083080557,.000095423937,0,0,0,0,0,0,0,0,0,0,0,0,0,0,0,0,0,0,0,0
.83006465,.010907538,.000042955267,0,0,0,0,0,0,0,0,0,0,0,0,0,0,0,0,0,0,0,0,0
.69972795,.079454757,.0031543558,.000089606692,0,0,0,0,0,0,0,0,0,0,0,0,0,0,0,0,0,0,0,0
.70291144,.02374918,.00024090466,0,0,0,0,0,0,0,0,0,0,0,0,0,0,0,0,0,0,0,0,0
.45135891,.00071289914,0,0,0,0,0,0,0,0,0,0,0,0,0,0,0,0,0,0,0,0,0,0
.95223635,.39404264,.086972959,.024549626,.0043573547,.00077473826,.00010416507,.00002110796,0,0,0,0,0,0,0,0,0,0,0,0,0,0,0,0
.63736629,.07310389,.003436507,.00016088322,.000019330299,0,0,0,0,0,0,0,0,0,0,0,0,0,0,0,0,0,0,0
.29540533,.010451385,.00017228228,0,0,0,0,0,0,0,0,0,0,0,0,0,0,0,0,0,0,0,0,0
.74468118,.52625149,.10291734,.015406633,.0017860384,.00019532908,.000022982176,0,0,0,0,0,0,0,0,0,0,0,0,0,0,0,0,0
.1298659,.042605616,.012854264,.003472781,.0010239528,.00027525472,.000060079354,.000020678235,0,0,0,0,0,0,0,0,0,0,0,0,0,0,0,0
.29291832,.71636009,.71341443,.26768252,.075689308,.014286328,.0036755907,.00065379217,.00014103109,.000036924484,0,0,0,0,0,0,0,0,0,0,0,0,0,0
.86119968,.39640138,.073538423,.0077233841,.00097887742,.000099107361,.000010378781,0,0,0,0,0,0,0,0,0,0,0,0,0,0,0,0,0
.82417518,.035086915,.000088401634,0,0,0,0,0,0,0,0,0,0,0,0,0,0,0,0,0,0,0,0,0
.20785375,.00072312559,0,0,0,0,0,0,0,0,0,0,0,0,0,0,0,0,0,0,0,0,0,0
.6976521,.6954518,.23522437,.05541404,.012557175,.001581025,.00028449198,.000046850721,0,0,0,0,0,0,0,0,0,0,0,0,0,0,0,0
.27751008,.065993942,.010602041,.0015402276,.00020370971,.000030645992,0,0,0,0,0,0,0,0,0,0,0,0,0,0,0,0,0,0
.51640636,.10780381,.014863819,.0012771729,.00021210907,.000022866543,0,0,0,0,0,0,0,0,0,0,0,0,0,0,0,0,0,0
.58555371,.13789013,.024821779,.0034578035,.00032118379,.000054220414,0,0,0,0,0,0,0,0,0,0,0,0,0,0,0,0,0,0
.60703385,.14383821,.0018132394,.000013129655,0,0,0,0,0,0,0,0,0,0,0,0,0,0,0,0,0,0,0,0
.10923765,.01166773,.0011251301,.000042554744,0,0,0,0,0,0,0,0,0,0,0,0,0,0,0,0,0,0,0,0
.91744989,.2530621,.031714819,.0026600654,.00018278617,.000018421752,0,0,0,0,0,0,0,0,0,0,0,0,0,0,0,0,0,0
.038905255,.0044250973,.00050566008,.000052234231,0,0,0,0,0,0,0,0,0,0,0,0,0,0,0,0,0,0,0,0
.31914952,.022691557,.00086281262,.000062884938,0,0,0,0,0,0,0,0,0,0,0,0,0,0,0,0,0,0,0,0
.18180853,.5195632,.01672196,.0004791191,0,0,0,0,0,0,0,0,0,0,0,0,0,0,0,0,0,0,0,0
.24971858,.0013784523,0,0,0,0,0,0,0,0,0,0,0,0,0,0,0,0,0,0,0,0,0,0
.1228377,.35431692,.90828758,.54963946,.23148431,.072779186,.013170898,.0029425188,.00041585322,.00011234709,.000019966063,0,0,0,0,0,0,0,0,0,0,0,0,0
.11585312,.023646163,.0043312367,.00080781453,.000099375393,.000015954625,0,0,0,0,0,0,0,0,0,0,0,0,0,0,0,0,0,0
.18813764,.015257105,.00067899941,.000019716595,0,0,0,0,0,0,0,0,0,0,0,0,0,0,0,0,0,0,0,0
.27766803,.033497095,.0027186221,.00028207089,.000026470903,0,0,0,0,0,0,0,0,0,0,0,0,0,0,0,0,0,0,0
.045454402,.00014917373,0,0,0,0,0,0,0,0,0,0,0,0,0,0,0,0,0,0,0,0,0,0
.3781139,.36341891,.015320392,.0003511761,.000012248506,0,0,0,0,0,0,0,0,0,0,0,0,0,0,0,0,0,0,0
.11825301,.29762149,.62585807,.91692406,.57874489,.25916725,.12170985,.032424826,.0078206761,.002419662,.00066855102,.00019578096,.000050211485,.000027088277,0,0,0,0,0,0,0,0,0,0
.73884141,.02765733,.00023711572,0,0,0,0,0,0,0,0,0,0,0,0,0,0,0,0,0,0,0,0,0
.30102351,.043496769,.0036561817,.00033373592,.000050866573,0,0,0,0,0,0,0,0,0,0,0,0,0,0,0,0,0,0,0
.83686596,.24319044,.014234249,.00086942711,.0000355185,0,0,0,0,0,0,0,0,0,0,0,0,0,0,0,0,0,0,0
.63527012,.39679337,.032459278,.0018923021,.000069720758,0,0,0,0,0,0,0,0,0,0,0,0,0,0,0,0,0,0,0
.45356584,.82548547,.2295303,.036667172,.0039349832,.00036017413,.000042964028,0,0,0,0,0,0,0,0,0,0,0,0,0,0,0,0,0
.3393957,.55527014,.05378766,.0023461462,.00012141783,0,0,0,0,0,0,0,0,0,0,0,0,0,0,0,0,0,0,0
.30764017,.6049819,.99180996,.58687508,.28793401,.12512602,.038501371,.01404048,.0036518357,.0012729465,.00034758498,.00011051941,.000039892522,.000010163075,0,0,0,0,0,0,0,0,0,0
.13842092,.039985087,.010425364,.0028863011,.00076355226,.00019744941,.000061772422,.000014751268,0,0,0,0,0,0,0,0,0,0,0,0,0,0,0,0
.56212777,.64960134,.14157537,.01676322,.001357151,.00017714604,.000017007875,0,0,0,0,0,0,0,0,0,0,0,0,0,0,0,0,0
.18379173,.010615175,.00044698559,.000020478934,0,0,0,0,0,0,0,0,0,0,0,0,0,0,0,0,0,0,0,0
.9801895,.37607735,.074248046,.010729906,.0015801343,.0001917022,.000020110685,0,0,0,0,0,0,0,0,0,0,0,0,0,0,0,0,0
.35536417,.0080645457,.00013347295,0,0,0,0,0,0,0,0,0,0,0,0,0,0,0,0,0,0,0,0,0
.024772616,.0025855626,.00024595635,.00002579849,0,0,0,0,0,0,0,0,0,0,0,0,0,0,0,0,0,0,0,0
.42603284,.000018837105,0,0,0,0,0,0,0,0,0,0,0,0,0,0,0,0,0,0,0,0,0,0
.10496848,.015846159,.001836899,.00019285397,.000034698984,0,0,0,0,0,0,0,0,0,0,0,0,0,0,0,0,0,0,0
.94687879,.27504152,.037317842,.0034306222,.00025775147,.000019878918,0,0,0,0,0,0,0,0,0,0,0,0,0,0,0,0,0,0
.29425904,.0045054443,.000044958586,0,0,0,0,0,0,0,0,0,0,0,0,0,0,0,0,0,0,0,0,0
.12895304,.59273636,.62246788,.13671874,.020927303,.0013571761,.00023046292,.00003021094,0,0,0,0,0,0,0,0,0,0,0,0,0,0,0,0
.17818132,.93393344,.14516078,.0082740942,.00033614878,.000018638821,0,0,0,0,0,0,0,0,0,0,0,0,0,0,0,0,0,0
.46435833,.14329638,.026765116,.0058550569,.00079650641,.00014481536,.00002844648,.000010191831,0,0,0,0,0,0,0,0,0,0,0,0,0,0,0,0
.26141369,.029667139,.0021880334,.00015735812,.000011337165,0,0,0,0,0,0,0,0,0,0,0,0,0,0,0,0,0,0,0
.90578568,.30898377,.052823275,.0069792522,.00059910375,.00010396876,.000010611181,0,0,0,0,0,0,0,0,0,0,0,0,0,0,0,0,0
.29947996,.81969029,.54841048,.15869252,.027064051,.0050112978,.00071810547,.00014224369,.000015279737,0,0,0,0,0,0,0,0,0,0,0,0,0,0,0
.44144359,.63412774,.10684102,.0064392844,.00052996282,.000053764572,0,0,0,0,0,0,0,0,0,0,0,0,0,0,0,0,0,0
.74949044,.4776713,.086012244,.0097355358,.0010173116,.00013051828,.000013490945,0,0,0,0,0,0,0,0,0,0,0,0,0,0,0,0,0
.2666705,.64659595,.051504958,.0022070729,.000031588577,0,0,0,0,0,0,0,0,0,0,0,0,0,0,0,0,0,0,0
.6002726,.031626873,.00068107684,.00001199288,0,0,0,0,0,0,0,0,0,0,0,0,0,0,0,0,0,0,0,0
.42151582,.0012144767,0,0,0,0,0,0,0,0,0,0,0,0,0,0,0,0,0,0,0,0,0,0
.51517427,.02277812,.00066536758,.000042599604,0,0,0,0,0,0,0,0,0,0,0,0,0,0,0,0,0,0,0,0
.068435043,.0067116385,.00049406913,.000044048771,0,0,0,0,0,0,0,0,0,0,0,0,0,0,0,0,0,0,0,0
.69475257,.13993159,.01478392,.0014795817,.00010422937,.000011553581,0,0,0,0,0,0,0,0,0,0,0,0,0,0,0,0,0,0
.66423684,.083227232,.001146362,.000012401422,0,0,0,0,0,0,0,0,0,0,0,0,0,0,0,0,0,0,0,0
.38352382,.4664664,.040523354,.0012971703,.000043817716,0,0,0,0,0,0,0,0,0,0,0,0,0,0,0,0,0,0,0
.3094984,.088968426,.00032102101,0,0,0,0,0,0,0,0,0,0,0,0,0,0,0,0,0,0,0,0,0
.64862609,.010302967,.000076772296,0,0,0,0,0,0,0,0,0,0,0,0,0,0,0,0,0,0,0,0,0
.12180506,.124731,.00024044848,0,0,0,0,0,0,0,0,0,0,0,0,0,0,0,0,0,0,0,0,0
.85833234,.13678806,.0047001913,.00010478198,0,0,0,0,0,0,0,0,0,0,0,0,0,0,0,0,0,0,0,0
.79879701,.44484806,.089123197,.0092472387,.0013274436,.00014122025,.000013250767,0,0,0,0,0,0,0,0,0,0,0,0,0,0,0,0,0
.29876924,.0097095352,.00020658133,0,0,0,0,0,0,0,0,0,0,0,0,0,0,0,0,0,0,0,0,0
.30960163,.97981256,.27860874,.047453087,.0039995848,.00039593127,.000049796447,0,0,0,0,0,0,0,0,0,0,0,0,0,0,0,0,0
.99844021,.024401233,.00025754489,0,0,0,0,0,0,0,0,0,0,0,0,0,0,0,0,0,0,0,0,0
.055101994,.25641361,.84081268,.49875736,.13343908,.020079836,.0032428869,.00032642981,.000065414351,0,0,0,0,0,0,0,0,0,0,0,0,0,0,0
.47439528,.095233686,.00048631226,0,0,0,0,0,0,0,0,0,0,0,0,0,0,0,0,0,0,0,0,0
.52344376,.047636766,.0011709072,.000038480255,0,0,0,0,0,0,0,0,0,0,0,0,0,0,0,0,0,0,0,0
.9389497,.44741249,.15311641,.043853,.010653869,.0019878878,.00045158452,.00008677625,.000028150342,0,0,0,0,0,0,0,0,0,0,0,0,0,0,0
.46568632,.08548674,.0089107743,.00082037429,.000076476681,0,0,0,0,0,0,0,0,0,0,0,0,0,0,0,0,0,0,0
.051990822,.68979001,.22525524,.0060526431,.00021282444,0,0,0,0,0,0,0,0,0,0,0,0,0,0,0,0,0,0,0
.84383738,.4155589,.089899279,.010712662,.00098428805,.00013555176,.000015868951,0,0,0,0,0,0,0,0,0,0,0,0,0,0,0,0,0
.46769723,.084767655,.0089274161,.0010392679,.00011007371,.000011235668,0,0,0,0,0,0,0,0,0,0,0,0,0,0,0,0,0,0
.28445101,.80005294,.09401419,.0065513188,.00018044146,.000018151597,0,0,0,0,0,0,0,0,0,0,0,0,0,0,0,0,0,0
.84847212,.65258068,.30795437,.099634938,.029613681,.0084676109,.0021457786,.00058288715,.0001569841,.000041248488,0,0,0,0,0,0,0,0,0,0,0,0,0,0
.83539146,.050506204,.0020220543,.000057388574,0,0,0,0,0,0,0,0,0,0,0,0,0,0,0,0,0,0,0,0
.25411516,.18914247,.0037884419,.000026824446,0,0,0,0,0,0,0,0,0,0,0,0,0,0,0,0,0,0,0,0
.6102035,.29380384,.020473016,.00049499789,.000012938973,0,0,0,0,0,0,0,0,0,0,0,0,0,0,0,0,0,0,0
.52116299,.25040725,.0054274639,.000098782395,0,0,0,0,0,0,0,0,0,0,0,0,0,0,0,0,0,0,0,0
.11902972,.8020736,.25891191,.018318756,.00115804,.000067547422,0,0,0,0,0,0,0,0,0,0,0,0,0,0,0,0,0,0
.10608286,.022949705,.0048231464,.00080248277,.00013555378,.000031984757,0,0,0,0,0,0,0,0,0,0,0,0,0,0,0,0,0,0
.26664656,.01274264,.00060546654,.000032791697,0,0,0,0,0,0,0,0,0,0,0,0,0,0,0,0,0,0,0,0
.4507454,.081400976,.0088770026,.00061473704,.000066735469,0,0,0,0,0,0,0,0,0,0,0,0,0,0,0,0,0,0,0
.27981377,.037421416,0,0,0,0,0,0,0,0,0,0,0,0,0,0,0,0,0,0,0,0,0,0
.23805012,.02094565,.0010402664,.000048984941,0,0,0,0,0,0,0,0,0,0,0,0,0,0,0,0,0,0,0,0
.80682325,.14819358,.010653453,.00070118194,.000063777297,0,0,0,0,0,0,0,0,0,0,0,0,0,0,0,0,0,0,0
.25512481,.046123583,.0062279142,.00088249304,.00012429558,.000023717148,0,0,0,0,0,0,0,0,0,0,0,0,0,0,0,0,0,0
.49202585,.038118403,.0001063163,0,0,0,0,0,0,0,0,0,0,0,0,0,0,0,0,0,0,0,0,0
.18414086,.011100587,.00061385607,.000029954805,0,0,0,0,0,0,0,0,0,0,0,0,0,0,0,0,0,0,0,0
.2707383,.01463747,.00056669681,.000021495251,0,0,0,0,0,0,0,0,0,0,0,0,0,0,0,0,0,0,0,0
.40350369,.062441126,.0053212303,.00039645121,.000036398356,0,0,0,0,0,0,0,0,0,0,0,0,0,0,0,0,0,0,0
.84572148,.17165685,.022735747,.001896117,.00014820848,.000017183362,0,0,0,0,0,0,0,0,0,0,0,0,0,0,0,0,0,0
.86636382,.43436739,.090504982,.014692231,.0015798028,.00016058037,.000027862407,0,0,0,0,0,0,0,0,0,0,0,0,0,0,0,0,0
.13871601,.56911135,.66472858,.15521702,.019809058,.0023478607,.00025014742,.000047678448,0,0,0,0,0,0,0,0,0,0,0,0,0,0,0,0
.93485248,.42193788,.12654105,.031909313,.0058307168,.001559631,.00026716263,.000067273795,.000011997318,0,0,0,0,0,0,0,0,0,0,0,0,0,0,0
.43078271,.0024511109,.000011439556,0,0,0,0,0,0,0,0,0,0,0,0,0,0,0,0,0,0,0,0,0
.90832973,.26080942,.029965157,.0027588031,.00024304821,.000024103012,0,0,0,0,0,0,0,0,0,0,0,0,0,0,0,0,0,0
.25821984,.60542202,.047941353,.0019493254,.000039290448,0,0,0,0,0,0,0,0,0,0,0,0,0,0,0,0,0,0,0
.041454852,.0029939408,.00029324312,.000026175599,0,0,0,0,0,0,0,0,0,0,0,0,0,0,0,0,0,0,0,0
.44864485,.3069607,.010200621,.00020898803,0,0,0,0,0,0,0,0,0,0,0,0,0,0,0,0,0,0,0,0
.96378696,.14524469,.0053170826,.00022937203,0,0,0,0,0,0,0,0,0,0,0,0,0,0,0,0,0,0,0,0
.52907246,.049782585,.000090765636,0,0,0,0,0,0,0,0,0,0,0,0,0,0,0,0,0,0,0,0,0
.56005377,.09590634,.0079443958,.00098719634,.00010679915,0,0,0,0,0,0,0,0,0,0,0,0,0,0,0,0,0,0,0
.33974719,.02921737,.0022012542,.00012878179,0,0,0,0,0,0,0,0,0,0,0,0,0,0,0,0,0,0,0,0
.46288756,.020589089,.00049426482,0,0,0,0,0,0,0,0,0,0,0,0,0,0,0,0,0,0,0,0,0
.88230848,.2913996,.061490592,.0060103913,.0011151987,.00011872612,.000012946381,0,0,0,0,0,0,0,0,0,0,0,0,0,0,0,0,0
.88500118,.15988518,.019674944,.0011358906,.000088686749,0,0,0,0,0,0,0,0,0,0,0,0,0,0,0,0,0,0,0
.62986904,.1460316,.017492024,.0013860738,.00017713259,.000024457726,0,0,0,0,0,0,0,0,0,0,0,0,0,0,0,0,0,0
.14948815,.70558381,.52700818,.063034512,.0076066614,.00066776213,.000039607588,.000010656979,0,0,0,0,0,0,0,0,0,0,0,0,0,0,0,0
.718804,.15178832,.013797743,.00079807226,.000063070445,0,0,0,0,0,0,0,0,0,0,0,0,0,0,0,0,0,0,0
.16681725,.036595039,.006946892,.0011417295,.0001978092,.000043071803,0,0,0,0,0,0,0,0,0,0,0,0,0,0,0,0,0,0
.55628753,.64254278,.11396671,.014389909,.0010615764,.000092096132,.000011568342,0,0,0,0,0,0,0,0,0,0,0,0,0,0,0,0,0
.13806759,.92970997,.10026479,.0031953747,.00010021124,0,0,0,0,0,0,0,0,0,0,0,0,0,0,0,0,0,0,0
.13118622,.00038940436,0,0,0,0,0,0,0,0,0,0,0,0,0,0,0,0,0,0,0,0,0,0
.11886624,.019641774,.0035084845,.00053879665,.000074995434,0,0,0,0,0,0,0,0,0,0,0,0,0,0,0,0,0,0,0
.54681051,.035552453,.00015064617,0,0,0,0,0,0,0,0,0,0,0,0,0,0,0,0,0,0,0,0,0
.93438292,.026829962,.000096164578,0,0,0,0,0,0,0,0,0,0,0,0,0,0,0,0,0,0,0,0,0
.92376196,.15105881,.010012172,.00058093981,.000034215576,0,0,0,0,0,0,0,0,0,0,0,0,0,0,0,0,0,0,0
.22658753,.96291298,.20555963,.022594245,.0014555787,.000074336444,0,0,0,0,0,0,0,0,0,0,0,0,0,0,0,0,0,0
.32657257,.066608243,.0093188118,.0011999527,.00015707275,.000022538326,0,0,0,0,0,0,0,0,0,0,0,0,0,0,0,0,0,0
.76737195,.090432003,.0048421714,.00022168721,.00001764767,0,0,0,0,0,0,0,0,0,0,0,0,0,0,0,0,0,0,0
.94709456,.16021961,.0088387048,.00034454392,.000010094227,0,0,0,0,0,0,0,0,0,0,0,0,0,0,0,0,0,0,0
.11683235,.001682858,.000027543001,0,0,0,0,0,0,0,0,0,0,0,0,0,0,0,0,0,0,0,0,0
.36714867,.097511083,.016735733,.002292407,.00034941413,.000049521877,0,0,0,0,0,0,0,0,0,0,0,0,0,0,0,0,0,0
.87764174,.054334089,.0014444024,.000031607346,0,0,0,0,0,0,0,0,0,0,0,0,0,0,0,0,0,0,0,0
.018286543,.001201563,.000072726012,0,0,0,0,0,0,0,0,0,0,0,0,0,0,0,0,0,0,0,0,0
.24689639,.0015377782,.000011679819,0,0,0,0,0,0,0,0,0,0,0,0,0,0,0,0,0,0,0,0,0
.63009465,.024995675,.0003642239,0,0,0,0,0,0,0,0,0,0,0,0,0,0,0,0,0,0,0,0,0
.47995901,.59700549,.10572801,.0079092784,.00045713247,.000045202705,0,0,0,0,0,0,0,0,0,0,0,0,0,0,0,0,0,0
.56106108,.055125877,.0025620181,.000091319787,0,0,0,0,0,0,0,0,0,0,0,0,0,0,0,0,0,0,0,0
.63976645,.12817211,.015157013,.0020851006,.00015415883,.000015893691,0,0,0,0,0,0,0,0,0,0,0,0,0,0,0,0,0,0
.38805601,.42536142,.013166525,.00043258624,.00001506791,0,0,0,0,0,0,0,0,0,0,0,0,0,0,0,0,0,0,0
.73081028,.084752709,.0010119725,.000011010722,0,0,0,0,0,0,0,0,0,0,0,0,0,0,0,0,0,0,0,0
.34150559,.02445643,.00072618172,.000024612711,0,0,0,0,0,0,0,0,0,0,0,0,0,0,0,0,0,0,0,0
.6199863,.19322926,.043216739,.0061378065,.0014882695,.00033632084,.000052578962,0,0,0,0,0,0,0,0,0,0,0,0,0,0,0,0,0
.25585473,.7056759,.68892848,.22939917,.062748708,.014106737,.0023258629,.00044864227,.000084871062,.000017454706,0,0,0,0,0,0,0,0,0,0,0,0,0,0
.13444538,.65006441,.017917996,.00035539977,0,0,0,0,0,0,0,0,0,0,0,0,0,0,0,0,0,0,0,0
.4702431,.10251573,.016672017,.0018920696,.00022434628,.000037081016,0,0,0,0,0,0,0,0,0,0,0,0,0,0,0,0,0,0
.77254349,.32446107,.091805495,.018672116,.0042458205,.00063200685,.00012182193,.000025658617,0,0,0,0,0,0,0,0,0,0,0,0,0,0,0,0
.51994455,.14971526,.034767833,.005632936,.00066855381,.00018394424,.000018085953,0,0,0,0,0,0,0,0,0,0,0,0,0,0,0,0,0
.38775164,.36896491,.01332763,.0003174156,0,0,0,0,0,0,0,0,0,0,0,0,0,0,0,0,0,0,0,0
.15347694,.94861645,.093410216,.0029296961,.000066283734,0,0,0,0,0,0,0,0,0,0,0,0,0,0,0,0,0,0,0
.73552686,.28728309,.086273074,.019874683,.0039428878,.00073698559,.00011434458,.000031187385,0,0,0,0,0,0,0,0,0,0,0,0,0,0,0,0
.45552602,.09609016,.011551951,.0018268912,.0001395461,.000020879272,0,0,0,0,0,0,0,0,0,0,0,0,0,0,0,0,0,0
.08061678,.022951255,.0067474917,.0018453146,.00036911792,.000083776016,.000025601919,0,0,0,0,0,0,0,0,0,0,0,0,0,0,0,0,0
.012169219,.00030478244,0,0,0,0,0,0,0,0,0,0,0,0,0,0,0,0,0,0,0,0,0,0
.033685599,.0027782959,.00025538754,.000015116365,0,0,0,0,0,0,0,0,0,0,0,0,0,0,0,0,0,0,0,0
.25991169,.032704007,.002666702,.00023396444,.00002487956,0,0,0,0,0,0,0,0,0,0,0,0,0,0,0,0,0,0,0
.24275014,.033645753,.0031371994,.00031838243,.000030787396,0,0,0,0,0,0,0,0,0,0,0,0,0,0,0,0,0,0,0
.48448408,.00071707153,0,0,0,0,0,0,0,0,0,0,0,0,0,0,0,0,0,0,0,0,0,0
.2501823,.016250558,.00099683751,.000046473968,0,0,0,0,0,0,0,0,0,0,0,0,0,0,0,0,0,0,0,0
.25719559,.0231188,.0013985198,.00011016197,0,0,0,0,0,0,0,0,0,0,0,0,0,0,0,0,0,0,0,0
.91693181,.35556692,.089324236,.016343256,.0026579937,.00045959261,.000062021354,.000010972466,0,0,0,0,0,0,0,0,0,0,0,0,0,0,0,0
.46033433,.066911675,.0048996261,.00054351724,.000046449568,0,0,0,0,0,0,0,0,0,0,0,0,0,0,0,0,0,0,0
.17279312,.0134281,.00091238692,.000055854201,.000010162888,0,0,0,0,0,0,0,0,0,0,0,0,0,0,0,0,0,0,0
.25674832,.74833322,.63387126,.22594637,.045363057,.0088609299,.0014325903,.00022656222,.000037735008,0,0,0,0,0,0,0,0,0,0,0,0,0,0,0
.23919047,.045539666,.0051713516,.00059710204,.000068895177,0,0,0,0,0,0,0,0,0,0,0,0,0,0,0,0,0,0,0
.36347023,.040946841,.0025595846,.00019626947,.000027769798,0,0,0,0,0,0,0,0,0,0,0,0,0,0,0,0,0,0,0
.73153174,.044448093,.0012387962,.000031794989,0,0,0,0,0,0,0,0,0,0,0,0,0,0,0,0,0,0,0,0
.17961493,.72593516,.54819262,.097143747,.015347111,.0015932259,.00017515196,.000027742153,0,0,0,0,0,0,0,0,0,0,0,0,0,0,0,0
.25240973,.96290839,.30202657,.038362239,.0032777432,.00031543139,.000027018283,0,0,0,0,0,0,0,0,0,0,0,0,0,0,0,0,0
.70477432,.14285721,.0034196528,.00010079427,0,0,0,0,0,0,0,0,0,0,0,0,0,0,0,0,0,0,0,0
.39418152,.086916648,.011432022,.0017226409,.00014974567,.000019343313,0,0,0,0,0,0,0,0,0,0,0,0,0,0,0,0,0,0
.42726758,.022141643,.00090292009,.000023101784,0,0,0,0,0,0,0,0,0,0,0,0,0,0,0,0,0,0,0,0
.81091583,.25169918,.016858138,.0010202809,.00006144862,0,0,0,0,0,0,0,0,0,0,0,0,0,0,0,0,0,0,0
.62641364,.64132488,.15218426,.022527063,.0029508516,.00046018657,.000037164355,0,0,0,0,0,0,0,0,0,0,0,0,0,0,0,0,0
.81929129,.29594752,.025916327,.001028321,.000074773423,0,0,0,0,0,0,0,0,0,0,0,0,0,0,0,0,0,0,0
.23482114,.010516458,.00040033864,0,0,0,0,0,0,0,0,0,0,0,0,0,0,0,0,0,0,0,0,0
.97865039,.27962095,.031574335,.0032251514,.00024644777,.000020493813,0,0,0,0,0,0,0,0,0,0,0,0,0,0,0,0,0,0
.38428453,.02572866,.0011596115,.00004738045,0,0,0,0,0,0,0,0,0,0,0,0,0,0,0,0,0,0,0,0
.36181763,.12686852,.034329623,.0087519335,.0018073528,.00044437157,.000095205025,.000025900799,0,0,0,0,0,0,0,0,0,0,0,0,0,0,0,0
.56382537,.16447671,.038681839,.0075922646,.0011854148,.00017421677,.000022005863,0,0,0,0,0,0,0,0,0,0,0,0,0,0,0,0,0
.48163864,.22259267,.0060844072,.00011388643,0,0,0,0,0,0,0,0,0,0,0,0,0,0,0,0,0,0,0,0
.32862157,.36131534,.01126216,.00019311176,0,0,0,0,0,0,0,0,0,0,0,0,0,0,0,0,0,0,0,0
.135342,.014762791,.0012007379,.000090977308,0,0,0,0,0,0,0,0,0,0,0,0,0,0,0,0,0,0,0,0
.047363434,.68282193,.17968163,.0076074572,.00013209197,0,0,0,0,0,0,0,0,0,0,0,0,0,0,0,0,0,0,0
.57015967,.33455521,.018391225,.00051970477,.000034769018,0,0,0,0,0,0,0,0,0,0,0,0,0,0,0,0,0,0,0
.58535856,.097312517,.0090393852,.00062132761,.000035066143,0,0,0,0,0,0,0,0,0,0,0,0,0,0,0,0,0,0,0
.1997907,.66482329,.67255044,.20169152,.039558284,.0068956609,.0013959123,.00016119334,.000031211377,0,0,0,0,0,0,0,0,0,0,0,0,0,0,0
.62935072,.030653432,.00059813779,.000014486597,0,0,0,0,0,0,0,0,0,0,0,0,0,0,0,0,0,0,0,0
.10549518,.63033468,.50466955,.060791906,.0051829214,.00039908424,.000025248279,0,0,0,0,0,0,0,0,0,0,0,0,0,0,0,0,0
.25666037,.077259757,.017349003,.0045576827,.00098942721,.00019289073,.000044858371,0,0,0,0,0,0,0,0,0,0,0,0,0,0,0,0,0
.57428372,.58870143,.10684586,.0099871736,.00079834118,.000093710296,0,0,0,0,0,0,0,0,0,0,0,0,0,0,0,0,0,0
.55170584,.1827132,.044148881,.0080500571,.0014871382,.00022131157,.000035861027,0,0,0,0,0,0,0,0,0,0,0,0,0,0,0,0,0
.06919954,.0051187254,.00042083988,.000018963065,0,0,0,0,0,0,0,0,0,0,0,0,0,0,0,0,0,0,0,0
.024901034,.0060214563,.001061789,.0002182544,.000070467606,.000016712114,0,0,0,0,0,0,0,0,0,0,0,0,0,0,0,0,0,0
.31205425,.89872742,.20934932,.023528041,.0020438386,.00014340454,.000010781486,0,0,0,0,0,0,0,0,0,0,0,0,0,0,0,0,0
.027692739,.0022051397,.00013217662,.000012165759,0,0,0,0,0,0,0,0,0,0,0,0,0,0,0,0,0,0,0,0
.1742482,.021880617,.0021656798,.00013896602,.000012800896,0,0,0,0,0,0,0,0,0,0,0,0,0,0,0,0,0,0,0
.50507629,.1733675,.0033891096,.000061922125,0,0,0,0,0,0,0,0,0,0,0,0,0,0,0,0,0,0,0,0
.39865088,.010303567,0,0,0,0,0,0,0,0,0,0,0,0,0,0,0,0,0,0,0,0,0,0
.19198492,.7416206,.49989688,.09335503,.012800324,.001138213,.00016723081,.000021040678,0,0,0,0,0,0,0,0,0,0,0,0,0,0,0,0
.39387411,.67211711,.11698559,.0070470832,.00057107885,.000029557112,0,0,0,0,0,0,0,0,0,0,0,0,0,0,0,0,0,0
.032267451,.00028811596,0,0,0,0,0,0,0,0,0,0,0,0,0,0,0,0,0,0,0,0,0,0
.018683422,.00091300049,.000050004674,0,0,0,0,0,0,0,0,0,0,0,0,0,0,0,0,0,0,0,0,0
.21763037,.85427707,.12673585,.0089113032,.00036406089,.000027803739,0,0,0,0,0,0,0,0,0,0,0,0,0,0,0,0,0,0
.69105405,.010103808,.000045947887,0,0,0,0,0,0,0,0,0,0,0,0,0,0,0,0,0,0,0,0,0
.22885068,.023602238,.0015572349,.000081815502,0,0,0,0,0,0,0,0,0,0,0,0,0,0,0,0,0,0,0,0
.16107729,.017943354,.0016393994,.000080735001,.000017160583,0,0,0,0,0,0,0,0,0,0,0,0,0,0,0,0,0,0,0
.68090975,.38495111,.050487164,.0030677251,.00024721952,.000024018253,0,0,0,0,0,0,0,0,0,0,0,0,0,0,0,0,0,0
.42481908,.81498289,.20605327,.033736978,.0034530694,.00024943484,.000042481937,0,0,0,0,0,0,0,0,0,0,0,0,0,0,0,0,0
.63215345,.15638019,.0016529739,.000030731982,0,0,0,0,0,0,0,0,0,0,0,0,0,0,0,0,0,0,0,0
.30981165,.001474326,0,0,0,0,0,0,0,0,0,0,0,0,0,0,0,0,0,0,0,0,0,0
.82490176,.17871943,.0074029504,.00021185428,0,0,0,0,0,0,0,0,0,0,0,0,0,0,0,0,0,0,0,0
.3705419,.89759272,.24786261,.044040691,.0047266562,.00047598183,.0000440273,0,0,0,0,0,0,0,0,0,0,0,0,0,0,0,0,0
.49341217,.10373304,.02079675,.002104392,.0002146795,.00002396126,0,0,0,0,0,0,0,0,0,0,0,0,0,0,0,0,0,0
.2369931,.95248485,.24014294,.033082176,.0026725775,.00015593371,.000012870534,0,0,0,0,0,0,0,0,0,0,0,0,0,0,0,0,0
.69173265,.27047375,.016819995,.00060666201,.000011738413,0,0,0,0,0,0,0,0,0,0,0,0,0,0,0,0,0,0,0
.11929628,.4755514,.85628343,.30550238,.066529147,.011421738,.00089847622,.00016420591,.000015176606,0,0,0,0,0,0,0,0,0,0,0,0,0,0,0
.37658763,.085786089,.013513229,.0019283822,.00024490579,.000033343098,0,0,0,0,0,0,0,0,0,0,0,0,0,0,0,0,0,0
.45342249,.090777926,.011905444,.001430878,.00018976655,.000035437955,0,0,0,0,0,0,0,0,0,0,0,0,0,0,0,0,0,0
.58810836,.746629,.26112306,.053835686,.0094890594,.0013687686,.00021776491,.000040732972,0,0,0,0,0,0,0,0,0,0,0,0,0,0,0,0
.62447464,.67491531,.18267389,.037167508,.0065485029,.00076293451,.00013614465,.000023265466,0,0,0,0,0,0,0,0,0,0,0,0,0,0,0,0
.65488946,.083690315,.0047598472,.0003194614,.000027300663,0,0,0,0,0,0,0,0,0,0,0,0,0,0,0,0,0,0,0
.32316652,.0060451883,.000056041634,0,0,0,0,0,0,0,0,0,0,0,0,0,0,0,0,0,0,0,0,0
.22426395,.048564352,.0062097614,.00086670462,.0001130204,.000016403555,0,0,0,0,0,0,0,0,0,0,0,0,0,0,0,0,0,0
.54186088,.0094914502,.000065594133,0,0,0,0,0,0,0,0,0,0,0,0,0,0,0,0,0,0,0,0,0
.21276739,.032383714,.0043960004,.00039289193,.000050201845,0,0,0,0,0,0,0,0,0,0,0,0,0,0,0,0,0,0,0
.28568459,.040661693,.0043463865,.00049215974,.00003659516,0,0,0,0,0,0,0,0,0,0,0,0,0,0,0,0,0,0,0
.39451799,.077929355,.014052087,.0019191289,.00021703582,.000019314344,0,0,0,0,0,0,0,0,0,0,0,0,0,0,0,0,0,0
.83716536,.01712068,.000051212202,0,0,0,0,0,0,0,0,0,0,0,0,0,0,0,0,0,0,0,0,0
.046694618,.0022107579,.00015971377,0,0,0,0,0,0,0,0,0,0,0,0,0,0,0,0,0,0,0,0,0
.13450722,.00018978666,0,0,0,0,0,0,0,0,0,0,0,0,0,0,0,0,0,0,0,0,0,0
.29919621,.011729386,.00030652835,.000010709721,0,0,0,0,0,0,0,0,0,0,0,0,0,0,0,0,0,0,0,0
.90623367,.17470038,.0074779782,.00020538244,0,0,0,0,0,0,0,0,0,0,0,0,0,0,0,0,0,0,0,0
.16183478,.00085265579,0,0,0,0,0,0,0,0,0,0,0,0,0,0,0,0,0,0,0,0,0,0
.38713202,.0014714329,0,0,0,0,0,0,0,0,0,0,0,0,0,0,0,0,0,0,0,0,0,0
.88705933,.053186517,.00088408648,.000017335708,0,0,0,0,0,0,0,0,0,0,0,0,0,0,0,0,0,0,0,0
.36206385,.024151655,.00081614015,.000035417092,0,0,0,0,0,0,0,0,0,0,0,0,0,0,0,0,0,0,0,0
.78678036,.40196544,.053616349,.0060463822,.00051668083,.000049318405,0,0,0,0,0,0,0,0,0,0,0,0,0,0,0,0,0,0
.31918237,.26229706,.0062172543,.000078049714,0,0,0,0,0,0,0,0,0,0,0,0,0,0,0,0,0,0,0,0
.63230354,.047152799,.0019970455,.000051634808,0,0,0,0,0,0,0,0,0,0,0,0,0,0,0,0,0,0,0,0
.83776891,.39778864,.083004065,.0075946213,.00081207335,.000068775866,0,0,0,0,0,0,0,0,0,0,0,0,0,0,0,0,0,0
.20148073,.56755936,.91436291,.41678485,.14212163,.032941915,.0066275923,.001431318,.00025026151,.000041549403,.000010384221,0,0,0,0,0,0,0,0,0,0,0,0,0
.50021785,.035911899,.0017645721,.000063772299,0,0,0,0,0,0,0,0,0,0,0,0,0,0,0,0,0,0,0,0
.46823463,.83149099,.25249922,.041587062,.0049016289,.00059738557,.000058938,0,0,0,0,0,0,0,0,0,0,0,0,0,0,0,0,0
.35397705,.041588273,.00012901757,0,0,0,0,0,0,0,0,0,0,0,0,0,0,0,0,0,0,0,0,0
.62388402,.15446389,.019932505,.0023498069,.00019726335,.000025502964,0,0,0,0,0,0,0,0,0,0,0,0,0,0,0,0,0,0
.18204312,.015561793,.0009327025,.000060664777,0,0,0,0,0,0,0,0,0,0,0,0,0,0,0,0,0,0,0,0
.44518858,.23737256,.005357394,.000052346128,0,0,0,0,0,0,0,0,0,0,0,0,0,0,0,0,0,0,0,0
.18045323,.55033904,.89210689,.37336642,.11281397,.023628378,.004772447,.00083880057,.00018872834,.000037358306,0,0,0,0,0,0,0,0,0,0,0,0,0,0
.09600798,.010498459,.00086646061,.000089811096,0,0,0,0,0,0,0,0,0,0,0,0,0,0,0,0,0,0,0,0
.80985695,.26444164,.014188423,.00069961604,.00002428649,0,0,0,0,0,0,0,0,0,0,0,0,0,0,0,0,0,0,0
.36837155,.011696732,.00024937792,0,0,0,0,0,0,0,0,0,0,0,0,0,0,0,0,0,0,0,0,0
.97157806,.26234153,.028359232,.0027734174,.00019973214,.000018023022,0,0,0,0,0,0,0,0,0,0,0,0,0,0,0,0,0,0
.50855643,.74931121,.22130713,.037196632,.0042478186,.00055243989,.0001021988,.000015020814,0,0,0,0,0,0,0,0,0,0,0,0,0,0,0,0
.30353245,.000044070996,0,0,0,0,0,0,0,0,0,0,0,0,0,0,0,0,0,0,0,0,0,0
.97706199,.2497641,.036327291,.0025861247,.00016245969,.000018148763,0,0,0,0,0,0,0,0,0,0,0,0,0,0,0,0,0,0
.35554147,.65726739,.10350396,.0061072744,.00029440736,.000014848679,0,0,0,0,0,0,0,0,0,0,0,0,0,0,0,0,0,0
.12081622,.0037227734,.000078394281,0,0,0,0,0,0,0,0,0,0,0,0,0,0,0,0,0,0,0,0,0
.20297596,.92758375,.14122716,.0086865118,.00027830547,.000023482025,0,0,0,0,0,0,0,0,0,0,0,0,0,0,0,0,0,0
.31900114,.0067279404,.000089957248,0,0,0,0,0,0,0,0,0,0,0,0,0,0,0,0,0,0,0,0,0
.80999303,.53521585,.15825875,.028362747,.0044263732,.00069435145,.000088784283,.000012986479,0,0,0,0,0,0,0,0,0,0,0,0,0,0,0,0
.89359403,.014245253,.000071772687,0,0,0,0,0,0,0,0,0,0,0,0,0,0,0,0,0,0,0,0,0
.38416234,.013402854,.00030968216,0,0,0,0,0,0,0,0,0,0,0,0,0,0,0,0,0,0,0,0,0
.13384259,.016989881,.0016383171,.00010883142,0,0,0,0,0,0,0,0,0,0,0,0,0,0,0,0,0,0,0,0
.73362255,.0742779,.002489357,.000080788355,0,0,0,0,0,0,0,0,0,0,0,0,0,0,0,0,0,0,0,0
.16331951,.02065005,.0015106227,.00016507377,.000012037342,0,0,0,0,0,0,0,0,0,0,0,0,0,0,0,0,0,0,0
.39125094,.44137067,.021621456,.00071837066,.000036040277,0,0,0,0,0,0,0,0,0,0,0,0,0,0,0,0,0,0,0
.69715935,.036690287,.00065239961,.00001992837,0,0,0,0,0,0,0,0,0,0,0,0,0,0,0,0,0,0,0,0
.081110254,.0064587016,.00051574101,.000031451244,0,0,0,0,0,0,0,0,0,0,0,0,0,0,0,0,0,0,0,0
.37574607,.031921934,.0016541893,.000089759269,0,0,0,0,0,0,0,0,0,0,0,0,0,0,0,0,0,0,0,0
.47482359,.90747011,.36796185,.082577407,.015066729,.0026219811,.0004151777,.000069522604,.000010886801,0,0,0,0,0,0,0,0,0,0,0,0,0,0,0
.2237577,.53819424,.95358545,.45861557,.18241528,.053858697,.014110525,.0042147278,.00070108002,.00023213896,.000049464896,.000010506032,0,0,0,0,0,0,0,0,0,0,0,0
.60678965,.185838,.041426148,.0072258604,.00097731163,.00016943493,.000023055456,0,0,0,0,0,0,0,0,0,0,0,0,0,0,0,0,0
.28409985,.04183295,.0052735307,.00037215115,.000035522677,0,0,0,0,0,0,0,0,0,0,0,0,0,0,0,0,0,0,0
.079403251,.0061316066,.00032894724,.000022285591,0,0,0,0,0,0,0,0,0,0,0,0,0,0,0,0,0,0,0,0
.85639179,.0037286745,0,0,0,0,0,0,0,0,0,0,0,0,0,0,0,0,0,0,0,0,0,0
.59031999,.11083755,.0099182129,.0010415559,.00012255416,.000014303112,0,0,0,0,0,0,0,0,0,0,0,0,0,0,0,0,0,0
.97648239,.17373958,.013450258,.00092644466,.000057129175,0,0,0,0,0,0,0,0,0,0,0,0,0,0,0,0,0,0,0
.22440164,.65489209,.70925516,.21747841,.048627827,.007571606,.0015055792,.00016878379,.000038753649,0,0,0,0,0,0,0,0,0,0,0,0,0,0,0
.37121776,.11012823,.025467448,.0041775778,.00074479979,.00011810539,.000025938863,0,0,0,0,0,0,0,0,0,0,0,0,0,0,0,0,0
.67781001,.81172639,.37199163,.11652573,.031833515,.0086398795,.0018728959,.00033451183,.000091957532,.000020241065,0,0,0,0,0,0,0,0,0,0,0,0,0,0
.22030224,.071221001,.018917676,.004718591,.001236458,.00023060966,.000068256377,.000012899967,0,0,0,0,0,0,0,0,0,0,0,0,0,0,0,0
.55621397,.078028679,.0052455943,.00031621568,.000022616359,0,0,0,0,0,0,0,0,0,0,0,0,0,0,0,0,0,0,0
.062224772,.0037180255,.00030881958,.000014479225,0,0,0,0,0,0,0,0,0,0,0,0,0,0,0,0,0,0,0,0
.79365766,.10379814,.0059634042,.00017316095,0,0,0,0,0,0,0,0,0,0,0,0,0,0,0,0,0,0,0,0
.30960208,.039366268,.0042430223,.00044723807,.000036931375,0,0,0,0,0,0,0,0,0,0,0,0,0,0,0,0,0,0,0
.98821527,.031327948,.00054781325,0,0,0,0,0,0,0,0,0,0,0,0,0,0,0,0,0,0,0,0,0
.28183743,.83773679,.4975765,.11587298,.018696461,.0022427198,.00036677334,.000036341076,0,0,0,0,0,0,0,0,0,0,0,0,0,0,0,0
.34956321,.0024542511,.000016735679,0,0,0,0,0,0,0,0,0,0,0,0,0,0,0,0,0,0,0,0,0
.17170937,.76179278,.084203146,.0011397323,.000064176456,0,0,0,0,0,0,0,0,0,0,0,0,0,0,0,0,0,0,0
.051613953,.179382,.50443321,.98566508,.48500791,.17098729,.041669186,.00831981,.0013177958,.00034225386,.000060057017,.000021968055,0,0,0,0,0,0,0,0,0,0,0,0
.12280367,.010211985,.00065527036,.000041736883,0,0,0,0,0,0,0,0,0,0,0,0,0,0,0,0,0,0,0,0
.212993,.067438148,.015551831,.0042583551,.0011002083,.00031394206,.000076189121,.000016764679,0,0,0,0,0,0,0,0,0,0,0,0,0,0,0,0
.56812745,.10723257,.013374175,.0012669056,.00014870641,.000013528401,0,0,0,0,0,0,0,0,0,0,0,0,0,0,0,0,0,0
.64027357,.085472241,.0065797674,.00024094062,.000027222957,0,0,0,0,0,0,0,0,0,0,0,0,0,0,0,0,0,0,0
.44730106,.95430684,.34897539,.076695323,.017647957,.0028832667,.00031254327,.000053226478,.000011281545,0,0,0,0,0,0,0,0,0,0,0,0,0,0,0
.67394543,.0035122926,0,0,0,0,0,0,0,0,0,0,0,0,0,0,0,0,0,0,0,0,0,0
.32616961,.067411825,.010467333,.0009759469,.00017377177,.000016790618,0,0,0,0,0,0,0,0,0,0,0,0,0,0,0,0,0,0
.76003712,.17218882,.0055303923,.00020158997,0,0,0,0,0,0,0,0,0,0,0,0,0,0,0,0,0,0,0,0
.19871652,.0096820788,.00018139159,0,0,0,0,0,0,0,0,0,0,0,0,0,0,0,0,0,0,0,0,0
.69339913,.00067521702,0,0,0,0,0,0,0,0,0,0,0,0,0,0,0,0,0,0,0,0,0,0
.54225588,.78525972,.2564083,.055441726,.0085696373,.0012527662,.00012142873,.000015582616,0,0,0,0,0,0,0,0,0,0,0,0,0,0,0,0
.83245617,.43844545,.095294595,.013312456,.0016068731,.00029198549,.000040575393,.000010536209,0,0,0,0,0,0,0,0,0,0,0,0,0,0,0,0
.89437556,.31171963,.061515428,.010941641,.0016526212,.0001864138,.000043941782,0,0,0,0,0,0,0,0,0,0,0,0,0,0,0,0,0
.25212482,.84389704,.40911478,.072790258,.010850421,.0011664897,.00019017671,.000015415617,0,0,0,0,0,0,0,0,0,0,0,0,0,0,0,0
.36974666,.34743762,.010776603,.00014185531,0,0,0,0,0,0,0,0,0,0,0,0,0,0,0,0,0,0,0,0
.23027498,.038050313,.0049884901,.00063196517,.000094855131,.000011434172,0,0,0,0,0,0,0,0,0,0,0,0,0,0,0,0,0,0
.091705255,.025336344,.0047854795,.00096023403,.00019274406,.000039875442,.000010640778,0,0,0,0,0,0,0,0,0,0,0,0,0,0,0,0,0
.45162547,.12525697,.024846997,.0039895489,.00052587443,.000088108653,.000017457898,0,0,0,0,0,0,0,0,0,0,0,0,0,0,0,0,0
.3580347,.016334044,.00036599272,.000016374288,0,0,0,0,0,0,0,0,0,0,0,0,0,0,0,0,0,0,0,0
.39078459,.97104967,.37227499,.093878604,.013125901,.0019350193,.00024057436,.000034535606,0,0,0,0,0,0,0,0,0,0,0,0,0,0,0,0
.55763084,.013805159,.00010037647,0,0,0,0,0,0,0,0,0,0,0,0,0,0,0,0,0,0,0,0,0
.4823713,.22266679,.0037652357,.000059438513,0,0,0,0,0,0,0,0,0,0,0,0,0,0,0,0,0,0,0,0
.018359533,.0010973626,.000066562556,0,0,0,0,0,0,0,0,0,0,0,0,0,0,0,0,0,0,0,0,0
.56402129,.10209823,.0096745053,.001192265,.000057839119,.000012239906,0,0,0,0,0,0,0,0,0,0,0,0,0,0,0,0,0,0
.9416185,.16616967,.011338052,.00058955851,.00002658043,0,0,0,0,0,0,0,0,0,0,0,0,0,0,0,0,0,0,0
.35124505,.01727731,.00053131144,.000034502646,0,0,0,0,0,0,0,0,0,0,0,0,0,0,0,0,0,0,0,0
.47818249,.84453684,.25543955,.044074107,.0070616747,.00096666481,.00011715962,.000014503647,0,0,0,0,0,0,0,0,0,0,0,0,0,0,0,0
.1854502,.015428833,.001135046,.00010344671,0,0,0,0,0,0,0,0,0,0,0,0,0,0,0,0,0,0,0,0
.10640717,.013266005,.0014996186,.00015317439,.000020058098,0,0,0,0,0,0,0,0,0,0,0,0,0,0,0,0,0,0,0
.58958232,.10343381,.0078680627,.0005529669,.000055718407,0,0,0,0,0,0,0,0,0,0,0,0,0,0,0,0,0,0,0
.44100648,.79475373,.20306875,.032848977,.0044077099,.00039302077,.000032173364,0,0,0,0,0,0,0,0,0,0,0,0,0,0,0,0,0
.90252519,.073895954,.00080507837,.00001148169,0,0,0,0,0,0,0,0,0,0,0,0,0,0,0,0,0,0,0,0
.94111371,.46502522,.168871,.043568917,.011727327,.0018392955,.00046848171,.00012486312,.000026033491,0,0,0,0,0,0,0,0,0,0,0,0,0,0,0
.93843639,.10325597,.0028875675,.000090213725,0,0,0,0,0,0,0,0,0,0,0,0,0,0,0,0,0,0,0,0
.19541034,.0060462453,.00012805467,0,0,0,0,0,0,0,0,0,0,0,0,0,0,0,0,0,0,0,0,0
.50785476,.064604491,.0054823603,.00034342281,.000035233614,0,0,0,0,0,0,0,0,0,0,0,0,0,0,0,0,0,0,0
.35470861,.89193749,.48880085,.15577053,.028966146,.0059287604,.00099637359,.00013270587,.000024184761,0,0,0,0,0,0,0,0,0,0,0,0,0,0,0
.40964738,.003641933,.000016695192,0,0,0,0,0,0,0,0,0,0,0,0,0,0,0,0,0,0,0,0,0
.82707006,.17975621,.02020915,.0016862992,.00017864433,.000024680499,0,0,0,0,0,0,0,0,0,0,0,0,0,0,0,0,0,0
.11180746,.57712764,.52954626,.11232596,.0095159467,.00065565517,.000073777941,0,0,0,0,0,0,0,0,0,0,0,0,0,0,0,0,0
.31437862,.57408279,.038008098,.0010111207,.000025935189,0,0,0,0,0,0,0,0,0,0,0,0,0,0,0,0,0,0,0
.87906671,.16187157,.011776188,.00056178519,.000033937209,0,0,0,0,0,0,0,0,0,0,0,0,0,0,0,0,0,0,0
.42561534,.13908841,.037036784,.0080989599,.0017218195,.00042122795,.000066775006,.00001151266,0,0,0,0,0,0,0,0,0,0,0,0,0,0,0,0
.24662755,.029868266,.0021186913,.0002336114,.00001637025,0,0,0,0,0,0,0,0,0,0,0,0,0,0,0,0,0,0,0
.45234135,.0041193753,.000034877961,0,0,0,0,0,0,0,0,0,0,0,0,0,0,0,0,0,0,0,0,0
.87299544,.21217792,.031203849,.0031100411,.00026980645,.00004310584,0,0,0,0,0,0,0,0,0,0,0,0,0,0,0,0,0,0
.68863308,.23529668,.05249121,.010421827,.0015884729,.0002417858,.000033118657,0,0,0,0,0,0,0,0,0,0,0,0,0,0,0,0,0
.29012629,.016976424,.00034327919,.000019528383,0,0,0,0,0,0,0,0,0,0,0,0,0,0,0,0,0,0,0,0
.34264737,.12684037,.0012576755,.000011709026,0,0,0,0,0,0,0,0,0,0,0,0,0,0,0,0,0,0,0,0
.60191125,.27966255,.083486468,.027275588,.0067862119,.0012800595,.00030741809,.000069273075,.000020152214,0,0,0,0,0,0,0,0,0,0,0,0,0,0,0
.40266198,.080959387,.010376004,.0013959284,.00012078093,.000024937854,0,0,0,0,0,0,0,0,0,0,0,0,0,0,0,0,0,0
.39652726,.017181097,.00030223245,.000010072702,0,0,0,0,0,0,0,0,0,0,0,0,0,0,0,0,0,0,0,0
.30333081,.79003209,.12165054,.0058853799,.00037957655,.000028257091,0,0,0,0,0,0,0,0,0,0,0,0,0,0,0,0,0,0
.44230202,.61751288,.079859354,.0057437709,.00031494838,.000018910152,0,0,0,0,0,0,0,0,0,0,0,0,0,0,0,0,0,0
.071256593,.0036478175,.00020282288,0,0,0,0,0,0,0,0,0,0,0,0,0,0,0,0,0,0,0,0,0
.07647305,.0086666672,.00077684771,.00007645641,0,0,0,0,0,0,0,0,0,0,0,0,0,0,0,0,0,0,0,0
.77459365,.4598648,.10716947,.013723842,.0019559264,.00021248101,.000027431286,0,0,0,0,0,0,0,0,0,0,0,0,0,0,0,0,0
.2696614,.061641511,.01037974,.0016770224,.00025633702,.000043715634,0,0,0,0,0,0,0,0,0,0,0,0,0,0,0,0,0,0
.29131961,.04596018,.0050023324,.00064558,.000040562983,0,0,0,0,0,0,0,0,0,0,0,0,0,0,0,0,0,0,0
.47773144,.054272268,.002854631,.000098361954,0,0,0,0,0,0,0,0,0,0,0,0,0,0,0,0,0,0,0,0
.11108434,.0067275758,.00021337891,.000015474081,0,0,0,0,0,0,0,0,0,0,0,0,0,0,0,0,0,0,0,0
.72139066,.19231354,.0066303518,.00015280634,0,0,0,0,0,0,0,0,0,0,0,0,0,0,0,0,0,0,0,0
.315853,.12089504,.042398326,.013088152,.0038903872,.0009622834,.00023977786,.000070055197,.000021264748,0,0,0,0,0,0,0,0,0,0,0,0,0,0,0
.38426805,.47624177,.026536118,.0010359514,.000057793051,0,0,0,0,0,0,0,0,0,0,0,0,0,0,0,0,0,0,0
.33821046,.79666764,.16291572,.015380841,.00095293473,.000056262365,0,0,0,0,0,0,0,0,0,0,0,0,0,0,0,0,0,0
.55421859,.12271668,.014209836,.0017563893,.00019283651,.000020097663,0,0,0,0,0,0,0,0,0,0,0,0,0,0,0,0,0,0
.79371566,.068693146,.00068380247,.000011172021,0,0,0,0,0,0,0,0,0,0,0,0,0,0,0,0,0,0,0,0
.15094531,.57812029,.69411719,.18885544,.030098969,.0043287044,.00053425017,.000039886796,0,0,0,0,0,0,0,0,0,0,0,0,0,0,0,0
.47936863,.14805563,.0017463781,.000013115227,0,0,0,0,0,0,0,0,0,0,0,0,0,0,0,0,0,0,0,0
.57831037,.46481237,.047465339,.0030807885,.00019918309,0,0,0,0,0,0,0,0,0,0,0,0,0,0,0,0,0,0,0
.44557196,.9930647,.44821364,.13006078,.030283712,.0063602724,.00072123797,.0001695964,.000037176866,0,0,0,0,0,0,0,0,0,0,0,0,0,0,0
.60416609,.097736798,.011254712,.00059353287,.000072202783,0,0,0,0,0,0,0,0,0,0,0,0,0,0,0,0,0,0,0
.89130837,.54775864,.18333262,.044449378,.010203925,.0019048223,.00035059956,.00004072045,.000011457332,0,0,0,0,0,0,0,0,0,0,0,0,0,0,0
.68508029,.14108245,.0028313459,.000055573975,0,0,0,0,0,0,0,0,0,0,0,0,0,0,0,0,0,0,0,0
.27115622,.84390384,.42788106,.071164228,.013960544,.0016073628,.00032528388,.000057246012,.000011014455,0,0,0,0,0,0,0,0,0,0,0,0,0,0,0
.52973789,.73109007,.20528285,.032872807,.0035359098,.00035477744,.000033605342,0,0,0,0,0,0,0,0,0,0,0,0,0,0,0,0,0
.56868172,.30483726,.010073773,.00027006023,0,0,0,0,0,0,0,0,0,0,0,0,0,0,0,0,0,0,0,0
.25694883,.65994042,.056038264,.0014894588,.00004773082,0,0,0,0,0,0,0,0,0,0,0,0,0,0,0,0,0,0,0
.10091622,.0039958595,.00010057799,0,0,0,0,0,0,0,0,0,0,0,0,0,0,0,0,0,0,0,0,0
.59595412,.14769377,.020877952,.0021417958,.00024650426,.000030307363,0,0,0,0,0,0,0,0,0,0,0,0,0,0,0,0,0,0
.14376229,.034323294,.0072084325,.00090840372,.00020320358,.000039904553,0,0,0,0,0,0,0,0,0,0,0,0,0,0,0,0,0,0
.39055321,.30070597,.010453422,.00014027377,0,0,0,0,0,0,0,0,0,0,0,0,0,0,0,0,0,0,0,0
.19558758,.015378709,.00089277606,.000069924812,0,0,0,0,0,0,0,0,0,0,0,0,0,0,0,0,0,0,0,0
.34591985,.12541048,.038247608,.010819379,.002882876,.00051441044,.00014405487,.000037448153,0,0,0,0,0,0,0,0,0,0,0,0,0,0,0,0
.23620757,.061944239,.010717615,.0022613083,.00039153959,.000065421984,.000017404345,0,0,0,0,0,0,0,0,0,0,0,0,0,0,0,0,0
.21499242,.0017343231,.000011363825,0,0,0,0,0,0,0,0,0,0,0,0,0,0,0,0,0,0,0,0,0
.22614673,.049135018,.0070313052,.0010186625,.00012665195,.000015052268,0,0,0,0,0,0,0,0,0,0,0,0,0,0,0,0,0,0
.58724678,.07746689,.0045337351,.00026651696,.000015170596,0,0,0,0,0,0,0,0,0,0,0,0,0,0,0,0,0,0,0
.4097423,.022621909,.00076008314,.000021368303,0,0,0,0,0,0,0,0,0,0,0,0,0,0,0,0,0,0,0,0
.13875203,.01031327,.000529168,.000041840627,0,0,0,0,0,0,0,0,0,0,0,0,0,0,0,0,0,0,0,0
.26052541,.073984757,.016732166,.0035015857,.00073968538,.00015676059,.000029103907,0,0,0,0,0,0,0,0,0,0,0,0,0,0,0,0,0
.14886202,.64080811,.60468584,.13559061,.020104116,.0023604117,.00018245049,.000022819699,0,0,0,0,0,0,0,0,0,0,0,0,0,0,0,0
.90122473,.1008845,.002133925,.000058532754,0,0,0,0,0,0,0,0,0,0,0,0,0,0,0,0,0,0,0,0
.54579258,.027267748,.00063904386,.000030959211,0,0,0,0,0,0,0,0,0,0,0,0,0,0,0,0,0,0,0,0
.46598336,.018863669,.00030058742,0,0,0,0,0,0,0,0,0,0,0,0,0,0,0,0,0,0,0,0,0
.39402908,.86695969,.21261387,.034691073,.0036325587,.00037857145,.000029704568,0,0,0,0,0,0,0,0,0,0,0,0,0,0,0,0,0
.52958983,.1709031,.041232448,.0070556998,.0010756279,.00019491269,.000040347699,0,0,0,0,0,0,0,0,0,0,0,0,0,0,0,0,0
.74313712,.70635843,.29031274,.07907217,.017670011,.0037075048,.00060876983,.00011421343,.000031722251,0,0,0,0,0,0,0,0,0,0,0,0,0,0,0
.17093708,.010895445,.00038441512,.000029030705,0,0,0,0,0,0,0,0,0,0,0,0,0,0,0,0,0,0,0,0
.95173573,.11302657,.0034637759,.000061021397,0,0,0,0,0,0,0,0,0,0,0,0,0,0,0,0,0,0,0,0
.47168267,.0074074748,.000031066545,0,0,0,0,0,0,0,0,0,0,0,0,0,0,0,0,0,0,0,0,0
.47461769,.063985854,.0054220897,.00039637135,.000028912835,0,0,0,0,0,0,0,0,0,0,0,0,0,0,0,0,0,0,0
.49890408,.0048563806,0,0,0,0,0,0,0,0,0,0,0,0,0,0,0,0,0,0,0,0,0,0
.32573164,.85880917,.54219002,.1527378,.027059855,.0043100161,.00089117803,.000117078,.000026557169,0,0,0,0,0,0,0,0,0,0,0,0,0,0,0
.066215843,.32816967,.98231649,.34145293,.079426199,.0088877343,.00099295052,.000067886751,.000010026417,0,0,0,0,0,0,0,0,0,0,0,0,0,0,0
.7319752,.10288304,.006597002,.00037706818,.000022343635,0,0,0,0,0,0,0,0,0,0,0,0,0,0,0,0,0,0,0
.2568469,.029087497,.0022976664,.0002272413,.000018629582,0,0,0,0,0,0,0,0,0,0,0,0,0,0,0,0,0,0,0
.22996877,.97627044,.22642395,.020363055,.0012490497,.00014847791,.000017692997,0,0,0,0,0,0,0,0,0,0,0,0,0,0,0,0,0
.67978823,.0073745521,.000021041442,0,0,0,0,0,0,0,0,0,0,0,0,0,0,0,0,0,0,0,0,0
.57707322,.092555501,.010582633,.00074521225,.000083196814,0,0,0,0,0,0,0,0,0,0,0,0,0,0,0,0,0,0,0
.074806765,.016291933,.0029240593,.00085601641,.0001398443,.000029352013,.000010923802,0,0,0,0,0,0,0,0,0,0,0,0,0,0,0,0,0
.42082962,.14242464,.032934632,.0075686295,.0016342743,.00030131097,.000069323847,.000015178854,0,0,0,0,0,0,0,0,0,0,0,0,0,0,0,0
.9008137,.38655689,.079383209,.0099813938,.0011611392,.00011163166,.000014139337,0,0,0,0,0,0,0,0,0,0,0,0,0,0,0,0,0
.85131168,.1906195,.023797473,.0025053334,.00016870066,.000032672393,0,0,0,0,0,0,0,0,0,0,0,0,0,0,0,0,0,0
.74595863,.41254067,.069996178,.0049335156,.00058527989,.000047735291,0,0,0,0,0,0,0,0,0,0,0,0,0,0,0,0,0,0
.64799917,.21458146,.0083804308,.00028413918,0,0,0,0,0,0,0,0,0,0,0,0,0,0,0,0,0,0,0,0
.30172747,.033239488,.0024183907,.00015966543,.000015079012,0,0,0,0,0,0,0,0,0,0,0,0,0,0,0,0,0,0,0
.47731659,.085567646,.011120372,.00088237913,.00003913647,0,0,0,0,0,0,0,0,0,0,0,0,0,0,0,0,0,0,0
.25816384,.69906235,.70183671,.23115142,.053616244,.011487352,.0018973161,.0003780743,.00006599586,.000014050003,0,0,0,0,0,0,0,0,0,0,0,0,0,0
.33472812,.8156088,.15930434,.01171384,.0010871089,.000067428038,0,0,0,0,0,0,0,0,0,0,0,0,0,0,0,0,0,0
.9038524,.01865348,.00012117772,0,0,0,0,0,0,0,0,0,0,0,0,0,0,0,0,0,0,0,0,0
.83265823,.19748281,.024228256,.0022192537,.00015200076,.000016515773,0,0,0,0,0,0,0,0,0,0,0,0,0,0,0,0,0,0
.60287553,.19157296,.0037145636,.000069567905,0,0,0,0,0,0,0,0,0,0,0,0,0,0,0,0,0,0,0,0
.5261904,.00825701,.000013217712,0,0,0,0,0,0,0,0,0,0,0,0,0,0,0,0,0,0,0,0,0
.059465002,.0078695407,.00082597247,.00008175426,0,0,0,0,0,0,0,0,0,0,0,0,0,0,0,0,0,0,0,0
.59392166,0,0,0,0,0,0,0,0,0,0,0,0,0,0,0,0,0,0,0,0,0,0,0
.11805212,.028827664,.0056121056,.00114041,.00023228359,.000045416931,0,0,0,0,0,0,0,0,0,0,0,0,0,0,0,0,0,0
.23824617,.61159998,.037248041,.00070783676,.000030712916,0,0,0,0,0,0,0,0,0,0,0,0,0,0,0,0,0,0,0
.67821592,.30590662,.031383913,.0011763131,.000081259619,0,0,0,0,0,0,0,0,0,0,0,0,0,0,0,0,0,0,0
.38716483,.79687721,.16605158,.022036718,.0014478746,.00027807427,.000022028729,0,0,0,0,0,0,0,0,0,0,0,0,0,0,0,0,0
.9202494,.41893211,.10270839,.017028216,.0018882018,.00023090195,.00003210306,0,0,0,0,0,0,0,0,0,0,0,0,0,0,0,0,0
.67249846,.1214371,.0011029277,.000017900547,0,0,0,0,0,0,0,0,0,0,0,0,0,0,0,0,0,0,0,0
.60521084,.25916195,.0088532763,.00019225337,0,0,0,0,0,0,0,0,0,0,0,0,0,0,0,0,0,0,0,0
.19639046,.79477251,.39606819,.057511657,.0055153151,.00049302471,.000062270723,0,0,0,0,0,0,0,0,0,0,0,0,0,0,0,0,0
.87232161,.4191097,.076992817,.0092016952,.00082564057,.000093890412,.000010517032,0,0,0,0,0,0,0,0,0,0,0,0,0,0,0,0,0
.71479607,.21838276,.037646726,.0041156993,.00081496948,.00007424326,.000011289379,0,0,0,0,0,0,0,0,0,0,0,0,0,0,0,0,0
.44197053,.08960592,.010773659,.0017582176,.00021552267,.000022205122,0,0,0,0,0,0,0,0,0,0,0,0,0,0,0,0,0,0
.96668565,.25682244,.028579984,.0019203715,.00018844055,.000017737315,0,0,0,0,0,0,0,0,0,0,0,0,0,0,0,0,0,0
.34367862,.97387898,.32210064,.05552632,.0084911035,.00067525258,.0001107832,.000015472942,0,0,0,0,0,0,0,0,0,0,0,0,0,0,0,0
.30268416,.96595556,.28776562,.043948453,.0036417157,.00025606211,.000025943375,0,0,0,0,0,0,0,0,0,0,0,0,0,0,0,0,0
.70132846,.0123456,.000038308492,0,0,0,0,0,0,0,0,0,0,0,0,0,0,0,0,0,0,0,0,0
.15130439,.015481915,.0012599783,.000055969678,0,0,0,0,0,0,0,0,0,0,0,0,0,0,0,0,0,0,0,0
.41048977,.80973554,.23772186,.042212851,.004656849,.00038192753,.000042774907,0,0,0,0,0,0,0,0,0,0,0,0,0,0,0,0,0
.51120842,.20014884,.057293981,.017175054,.0035681671,.0009198219,.00019758835,.000067616551,.000014729102,0,0,0,0,0,0,0,0,0,0,0,0,0,0,0
.16633561,.89959377,.10192506,.0043732882,.00017158671,0,0,0,0,0,0,0,0,0,0,0,0,0,0,0,0,0,0,0
.61972207,.3969402,.040459968,.0027337887,.00013156382,0,0,0,0,0,0,0,0,0,0,0,0,0,0,0,0,0,0,0
.4174889,.15089935,.049674127,.011737054,.0030304443,.00057353266,.00016059872,.00004998947,.000013563283,0,0,0,0,0,0,0,0,0,0,0,0,0,0,0
.26310605,.0052610193,.000099793855,0,0,0,0,0,0,0,0,0,0,0,0,0,0,0,0,0,0,0,0,0
.80967689,.1264084,.0080277082,.00032188912,.000013815536,0,0,0,0,0,0,0,0,0,0,0,0,0,0,0,0,0,0,0
.047109418,.0050846254,.00041909333,.000046621786,0,0,0,0,0,0,0,0,0,0,0,0,0,0,0,0,0,0,0,0
.6840331,.012611276,.00010918225,0,0,0,0,0,0,0,0,0,0,0,0,0,0,0,0,0,0,0,0,0
.38712457,.37124711,.01704265,.00041614613,0,0,0,0,0,0,0,0,0,0,0,0,0,0,0,0,0,0,0,0
.46062326,.071434811,.0070464797,.00067084609,.000050232997,0,0,0,0,0,0,0,0,0,0,0,0,0,0,0,0,0,0,0
